condition,seed,env_seed,speed,fell
right_half+trunk,1,100,0.5,1
right_half+trunk,1,1000,0.5,1
right_half+trunk,1,2000,0.5,0
right_half+trunk,1,3000,0.5,1
right_half+trunk,1,4000,0.5,1
right_half+trunk,2,100,0.5,0
right_half+trunk,2,1000,0.5,1
right_half+trunk,2,2000,0.5,0
right_half+trunk,2,3000,0.5,0
right_half+trunk,2,4000,0.5,0
right_half+trunk,3,100,0.5,0
right_half+trunk,3,1000,0.5,1
right_half+trunk,3,2000,0.5,0
right_half+trunk,3,3000,0.5,0
right_half+trunk,3,4000,0.5,0
right_half+trunk,4,100,0.5,1
right_half+trunk,4,1000,0.5,1
right_half+trunk,4,2000,0.5,0
right_half+trunk,4,3000,0.5,0
right_half+trunk,4,4000,0.5,1
right_half+trunk,5,100,0.5,1
right_half+trunk,5,1000,0.5,1
right_half+trunk,5,2000,0.5,0
right_half+trunk,5,3000,0.5,0
right_half+trunk,5,4000,0.5,1
right_half+trunk,6,100,0.5,1
right_half+trunk,6,1000,0.5,1
right_half+trunk,6,2000,0.5,0
right_half+trunk,6,3000,0.5,1
right_half+trunk,6,4000,0.5,0
right_half+trunk,7,100,0.5,0
right_half+trunk,7,1000,0.5,1
right_half+trunk,7,2000,0.5,0
right_half+trunk,7,3000,0.5,0
right_half+trunk,7,4000,0.5,0
right_half+trunk,8,100,0.5,1
right_half+trunk,8,1000,0.5,1
right_half+trunk,8,2000,0.5,0
right_half+trunk,8,3000,0.5,0
right_half+trunk,8,4000,0.5,1
left_half+trunk,1,100,0.5,0
left_half+trunk,1,1000,0.5,0
left_half+trunk,1,2000,0.5,1
left_half+trunk,1,3000,0.5,0
left_half+trunk,1,4000,0.5,0
left_half+trunk,2,100,0.5,0
left_half+trunk,2,1000,0.5,0
left_half+trunk,2,2000,0.5,0
left_half+trunk,2,3000,0.5,0
left_half+trunk,2,4000,0.5,0
left_half+trunk,3,100,0.5,0
left_half+trunk,3,1000,0.5,1
left_half+trunk,3,2000,0.5,0
left_half+trunk,3,3000,0.5,1
left_half+trunk,3,4000,0.5,1
left_half+trunk,4,100,0.5,1
left_half+trunk,4,1000,0.5,0
left_half+trunk,4,2000,0.5,0
left_half+trunk,4,3000,0.5,1
left_half+trunk,4,4000,0.5,1
left_half+trunk,5,100,0.5,0
left_half+trunk,5,1000,0.5,0
left_half+trunk,5,2000,0.5,0
left_half+trunk,5,3000,0.5,0
left_half+trunk,5,4000,0.5,0
left_half+trunk,6,100,0.5,0
left_half+trunk,6,1000,0.5,0
left_half+trunk,6,2000,0.5,0
left_half+trunk,6,3000,0.5,0
left_half+trunk,6,4000,0.5,0
left_half+trunk,7,100,0.5,0
left_half+trunk,7,1000,0.5,0
left_half+trunk,7,2000,0.5,0
left_half+trunk,7,3000,0.5,1
left_half+trunk,7,4000,0.5,0
left_half+trunk,8,100,0.5,0
left_half+trunk,8,1000,0.5,0
left_half+trunk,8,2000,0.5,0
left_half+trunk,8,3000,0.5,0
left_half+trunk,8,4000,0.5,0
