condition,policy_seed,speed_mps,repeat_env_seed,fell_over,n_steps_completed
right_half+trunk(16),1,0.2,1000,True,142
right_half+trunk(16),1,0.2,1001,False,250
right_half+trunk(16),1,0.2,1002,False,250
right_half+trunk(16),1,0.2,1003,False,250
right_half+trunk(16),1,0.2,1004,False,250
right_half+trunk(16),1,0.3,1000,True,153
right_half+trunk(16),1,0.3,1001,True,119
right_half+trunk(16),1,0.3,1002,False,250
right_half+trunk(16),1,0.3,1003,False,250
right_half+trunk(16),1,0.3,1004,False,250
right_half+trunk(16),1,0.4,1000,True,130
right_half+trunk(16),1,0.4,1001,True,109
right_half+trunk(16),1,0.4,1002,True,221
right_half+trunk(16),1,0.4,1003,False,250
right_half+trunk(16),1,0.4,1004,False,250
right_half+trunk(16),1,0.5,1000,True,115
right_half+trunk(16),1,0.5,1001,False,250
right_half+trunk(16),1,0.5,1002,False,250
right_half+trunk(16),1,0.5,1003,True,205
right_half+trunk(16),1,0.5,1004,False,250
right_half+trunk(16),1,0.6,1000,True,109
right_half+trunk(16),1,0.6,1001,True,181
right_half+trunk(16),1,0.6,1002,True,126
right_half+trunk(16),1,0.6,1003,True,225
right_half+trunk(16),1,0.6,1004,False,250
right_half+trunk(16),1,0.7,1000,True,104
right_half+trunk(16),1,0.7,1001,True,92
right_half+trunk(16),1,0.7,1002,True,100
right_half+trunk(16),1,0.7,1003,True,186
right_half+trunk(16),1,0.7,1004,False,250
right_half+trunk(16),1,0.8,1000,True,102
right_half+trunk(16),1,0.8,1001,True,81
right_half+trunk(16),1,0.8,1002,True,96
right_half+trunk(16),1,0.8,1003,True,215
right_half+trunk(16),1,0.8,1004,False,250
right_half+trunk(16),1,0.9,1000,True,86
right_half+trunk(16),1,0.9,1001,True,76
right_half+trunk(16),1,0.9,1002,True,95
right_half+trunk(16),1,0.9,1003,True,220
right_half+trunk(16),1,0.9,1004,False,250
right_half+trunk(16),1,1.0,1000,True,77
right_half+trunk(16),1,1.0,1001,True,68
right_half+trunk(16),1,1.0,1002,True,91
right_half+trunk(16),1,1.0,1003,True,226
right_half+trunk(16),1,1.0,1004,False,250
right_half+trunk(16),2,0.2,1000,False,250
right_half+trunk(16),2,0.2,1001,False,250
right_half+trunk(16),2,0.2,1002,False,250
right_half+trunk(16),2,0.2,1003,False,250
right_half+trunk(16),2,0.2,1004,False,250
right_half+trunk(16),2,0.3,1000,False,250
right_half+trunk(16),2,0.3,1001,False,250
right_half+trunk(16),2,0.3,1002,False,250
right_half+trunk(16),2,0.3,1003,False,250
right_half+trunk(16),2,0.3,1004,False,250
right_half+trunk(16),2,0.4,1000,True,164
right_half+trunk(16),2,0.4,1001,False,250
right_half+trunk(16),2,0.4,1002,False,250
right_half+trunk(16),2,0.4,1003,False,250
right_half+trunk(16),2,0.4,1004,False,250
right_half+trunk(16),2,0.5,1000,True,146
right_half+trunk(16),2,0.5,1001,False,250
right_half+trunk(16),2,0.5,1002,False,250
right_half+trunk(16),2,0.5,1003,False,250
right_half+trunk(16),2,0.5,1004,False,250
right_half+trunk(16),2,0.6,1000,False,250
right_half+trunk(16),2,0.6,1001,False,250
right_half+trunk(16),2,0.6,1002,False,250
right_half+trunk(16),2,0.6,1003,False,250
right_half+trunk(16),2,0.6,1004,False,250
right_half+trunk(16),2,0.7,1000,True,123
right_half+trunk(16),2,0.7,1001,False,250
right_half+trunk(16),2,0.7,1002,False,250
right_half+trunk(16),2,0.7,1003,False,250
right_half+trunk(16),2,0.7,1004,False,250
right_half+trunk(16),2,0.8,1000,True,101
right_half+trunk(16),2,0.8,1001,False,250
right_half+trunk(16),2,0.8,1002,False,250
right_half+trunk(16),2,0.8,1003,True,100
right_half+trunk(16),2,0.8,1004,False,250
right_half+trunk(16),2,0.9,1000,True,94
right_half+trunk(16),2,0.9,1001,True,99
right_half+trunk(16),2,0.9,1002,True,116
right_half+trunk(16),2,0.9,1003,True,96
right_half+trunk(16),2,0.9,1004,False,250
right_half+trunk(16),2,1.0,1000,True,77
right_half+trunk(16),2,1.0,1001,True,92
right_half+trunk(16),2,1.0,1002,True,96
right_half+trunk(16),2,1.0,1003,True,82
right_half+trunk(16),2,1.0,1004,False,250
right_half+trunk(16),3,0.2,1000,False,250
right_half+trunk(16),3,0.2,1001,False,250
right_half+trunk(16),3,0.2,1002,False,250
right_half+trunk(16),3,0.2,1003,False,250
right_half+trunk(16),3,0.2,1004,False,250
right_half+trunk(16),3,0.3,1000,False,250
right_half+trunk(16),3,0.3,1001,False,250
right_half+trunk(16),3,0.3,1002,False,250
right_half+trunk(16),3,0.3,1003,False,250
right_half+trunk(16),3,0.3,1004,False,250
right_half+trunk(16),3,0.4,1000,True,100
right_half+trunk(16),3,0.4,1001,False,250
right_half+trunk(16),3,0.4,1002,False,250
right_half+trunk(16),3,0.4,1003,False,250
right_half+trunk(16),3,0.4,1004,False,250
right_half+trunk(16),3,0.5,1000,True,175
right_half+trunk(16),3,0.5,1001,False,250
right_half+trunk(16),3,0.5,1002,False,250
right_half+trunk(16),3,0.5,1003,False,250
right_half+trunk(16),3,0.5,1004,False,250
right_half+trunk(16),3,0.6,1000,True,174
right_half+trunk(16),3,0.6,1001,False,250
right_half+trunk(16),3,0.6,1002,False,250
right_half+trunk(16),3,0.6,1003,False,250
right_half+trunk(16),3,0.6,1004,False,250
right_half+trunk(16),3,0.7,1000,True,131
right_half+trunk(16),3,0.7,1001,False,250
right_half+trunk(16),3,0.7,1002,True,111
right_half+trunk(16),3,0.7,1003,True,196
right_half+trunk(16),3,0.7,1004,False,250
right_half+trunk(16),3,0.8,1000,True,78
right_half+trunk(16),3,0.8,1001,True,104
right_half+trunk(16),3,0.8,1002,True,80
right_half+trunk(16),3,0.8,1003,True,114
right_half+trunk(16),3,0.8,1004,False,250
right_half+trunk(16),3,0.9,1000,True,75
right_half+trunk(16),3,0.9,1001,True,92
right_half+trunk(16),3,0.9,1002,True,75
right_half+trunk(16),3,0.9,1003,True,92
right_half+trunk(16),3,0.9,1004,True,145
right_half+trunk(16),3,1.0,1000,True,65
right_half+trunk(16),3,1.0,1001,True,77
right_half+trunk(16),3,1.0,1002,True,74
right_half+trunk(16),3,1.0,1003,True,81
right_half+trunk(16),3,1.0,1004,True,94
right_half+trunk(16),4,0.2,1000,False,250
right_half+trunk(16),4,0.2,1001,False,250
right_half+trunk(16),4,0.2,1002,False,250
right_half+trunk(16),4,0.2,1003,False,250
right_half+trunk(16),4,0.2,1004,True,187
right_half+trunk(16),4,0.3,1000,True,120
right_half+trunk(16),4,0.3,1001,False,250
right_half+trunk(16),4,0.3,1002,False,250
right_half+trunk(16),4,0.3,1003,False,250
right_half+trunk(16),4,0.3,1004,False,250
right_half+trunk(16),4,0.4,1000,True,117
right_half+trunk(16),4,0.4,1001,True,137
right_half+trunk(16),4,0.4,1002,False,250
right_half+trunk(16),4,0.4,1003,False,250
right_half+trunk(16),4,0.4,1004,False,250
right_half+trunk(16),4,0.5,1000,True,100
right_half+trunk(16),4,0.5,1001,False,250
right_half+trunk(16),4,0.5,1002,False,250
right_half+trunk(16),4,0.5,1003,True,236
right_half+trunk(16),4,0.5,1004,False,250
right_half+trunk(16),4,0.6,1000,True,94
right_half+trunk(16),4,0.6,1001,False,250
right_half+trunk(16),4,0.6,1002,False,250
right_half+trunk(16),4,0.6,1003,True,227
right_half+trunk(16),4,0.6,1004,False,250
right_half+trunk(16),4,0.7,1000,True,80
right_half+trunk(16),4,0.7,1001,False,250
right_half+trunk(16),4,0.7,1002,True,105
right_half+trunk(16),4,0.7,1003,True,232
right_half+trunk(16),4,0.7,1004,False,250
right_half+trunk(16),4,0.8,1000,True,75
right_half+trunk(16),4,0.8,1001,True,104
right_half+trunk(16),4,0.8,1002,True,99
right_half+trunk(16),4,0.8,1003,True,228
right_half+trunk(16),4,0.8,1004,False,250
right_half+trunk(16),4,0.9,1000,True,74
right_half+trunk(16),4,0.9,1001,True,93
right_half+trunk(16),4,0.9,1002,True,76
right_half+trunk(16),4,0.9,1003,False,250
right_half+trunk(16),4,0.9,1004,False,250
right_half+trunk(16),4,1.0,1000,True,67
right_half+trunk(16),4,1.0,1001,True,66
right_half+trunk(16),4,1.0,1002,True,75
right_half+trunk(16),4,1.0,1003,True,79
right_half+trunk(16),4,1.0,1004,True,109
right_half+trunk(16),5,0.2,1000,True,123
right_half+trunk(16),5,0.2,1001,False,250
right_half+trunk(16),5,0.2,1002,False,250
right_half+trunk(16),5,0.2,1003,False,250
right_half+trunk(16),5,0.2,1004,False,250
right_half+trunk(16),5,0.3,1000,True,155
right_half+trunk(16),5,0.3,1001,False,250
right_half+trunk(16),5,0.3,1002,False,250
right_half+trunk(16),5,0.3,1003,False,250
right_half+trunk(16),5,0.3,1004,False,250
right_half+trunk(16),5,0.4,1000,True,141
right_half+trunk(16),5,0.4,1001,True,175
right_half+trunk(16),5,0.4,1002,False,250
right_half+trunk(16),5,0.4,1003,False,250
right_half+trunk(16),5,0.4,1004,False,250
right_half+trunk(16),5,0.5,1000,True,150
right_half+trunk(16),5,0.5,1001,False,250
right_half+trunk(16),5,0.5,1002,False,250
right_half+trunk(16),5,0.5,1003,False,250
right_half+trunk(16),5,0.5,1004,False,250
right_half+trunk(16),5,0.6,1000,True,149
right_half+trunk(16),5,0.6,1001,False,250
right_half+trunk(16),5,0.6,1002,False,250
right_half+trunk(16),5,0.6,1003,False,250
right_half+trunk(16),5,0.6,1004,False,250
right_half+trunk(16),5,0.7,1000,True,165
right_half+trunk(16),5,0.7,1001,True,159
right_half+trunk(16),5,0.7,1002,True,171
right_half+trunk(16),5,0.7,1003,True,224
right_half+trunk(16),5,0.7,1004,False,250
right_half+trunk(16),5,0.8,1000,True,99
right_half+trunk(16),5,0.8,1001,True,67
right_half+trunk(16),5,0.8,1002,False,250
right_half+trunk(16),5,0.8,1003,True,98
right_half+trunk(16),5,0.8,1004,False,250
right_half+trunk(16),5,0.9,1000,True,65
right_half+trunk(16),5,0.9,1001,True,61
right_half+trunk(16),5,0.9,1002,True,145
right_half+trunk(16),5,0.9,1003,True,81
right_half+trunk(16),5,0.9,1004,False,250
right_half+trunk(16),5,1.0,1000,True,58
right_half+trunk(16),5,1.0,1001,True,59
right_half+trunk(16),5,1.0,1002,True,61
right_half+trunk(16),5,1.0,1003,True,74
right_half+trunk(16),5,1.0,1004,False,250
right_half+trunk(16),6,0.2,1000,False,250
right_half+trunk(16),6,0.2,1001,False,250
right_half+trunk(16),6,0.2,1002,False,250
right_half+trunk(16),6,0.2,1003,False,250
right_half+trunk(16),6,0.2,1004,False,250
right_half+trunk(16),6,0.3,1000,False,250
right_half+trunk(16),6,0.3,1001,False,250
right_half+trunk(16),6,0.3,1002,False,250
right_half+trunk(16),6,0.3,1003,False,250
right_half+trunk(16),6,0.3,1004,False,250
right_half+trunk(16),6,0.4,1000,True,137
right_half+trunk(16),6,0.4,1001,False,250
right_half+trunk(16),6,0.4,1002,False,250
right_half+trunk(16),6,0.4,1003,False,250
right_half+trunk(16),6,0.4,1004,False,250
right_half+trunk(16),6,0.5,1000,True,166
right_half+trunk(16),6,0.5,1001,False,250
right_half+trunk(16),6,0.5,1002,False,250
right_half+trunk(16),6,0.5,1003,False,250
right_half+trunk(16),6,0.5,1004,False,250
right_half+trunk(16),6,0.6,1000,True,102
right_half+trunk(16),6,0.6,1001,False,250
right_half+trunk(16),6,0.6,1002,True,115
right_half+trunk(16),6,0.6,1003,False,250
right_half+trunk(16),6,0.6,1004,False,250
right_half+trunk(16),6,0.7,1000,True,83
right_half+trunk(16),6,0.7,1001,False,250
right_half+trunk(16),6,0.7,1002,True,76
right_half+trunk(16),6,0.7,1003,False,250
right_half+trunk(16),6,0.7,1004,False,250
right_half+trunk(16),6,0.8,1000,True,77
right_half+trunk(16),6,0.8,1001,True,82
right_half+trunk(16),6,0.8,1002,True,73
right_half+trunk(16),6,0.8,1003,True,80
right_half+trunk(16),6,0.8,1004,False,250
right_half+trunk(16),6,0.9,1000,True,75
right_half+trunk(16),6,0.9,1001,True,62
right_half+trunk(16),6,0.9,1002,True,68
right_half+trunk(16),6,0.9,1003,True,73
right_half+trunk(16),6,0.9,1004,True,83
right_half+trunk(16),6,1.0,1000,True,71
right_half+trunk(16),6,1.0,1001,True,56
right_half+trunk(16),6,1.0,1002,True,64
right_half+trunk(16),6,1.0,1003,True,67
right_half+trunk(16),6,1.0,1004,True,73
right_half+trunk(16),7,0.2,1000,False,250
right_half+trunk(16),7,0.2,1001,False,250
right_half+trunk(16),7,0.2,1002,False,250
right_half+trunk(16),7,0.2,1003,False,250
right_half+trunk(16),7,0.2,1004,False,250
right_half+trunk(16),7,0.3,1000,True,141
right_half+trunk(16),7,0.3,1001,False,250
right_half+trunk(16),7,0.3,1002,False,250
right_half+trunk(16),7,0.3,1003,False,250
right_half+trunk(16),7,0.3,1004,False,250
right_half+trunk(16),7,0.4,1000,True,126
right_half+trunk(16),7,0.4,1001,False,250
right_half+trunk(16),7,0.4,1002,False,250
right_half+trunk(16),7,0.4,1003,False,250
right_half+trunk(16),7,0.4,1004,False,250
right_half+trunk(16),7,0.5,1000,True,127
right_half+trunk(16),7,0.5,1001,False,250
right_half+trunk(16),7,0.5,1002,False,250
right_half+trunk(16),7,0.5,1003,False,250
right_half+trunk(16),7,0.5,1004,False,250
right_half+trunk(16),7,0.6,1000,True,108
right_half+trunk(16),7,0.6,1001,False,250
right_half+trunk(16),7,0.6,1002,True,92
right_half+trunk(16),7,0.6,1003,False,250
right_half+trunk(16),7,0.6,1004,False,250
right_half+trunk(16),7,0.7,1000,True,106
right_half+trunk(16),7,0.7,1001,False,250
right_half+trunk(16),7,0.7,1002,True,82
right_half+trunk(16),7,0.7,1003,False,250
right_half+trunk(16),7,0.7,1004,False,250
right_half+trunk(16),7,0.8,1000,True,112
right_half+trunk(16),7,0.8,1001,True,91
right_half+trunk(16),7,0.8,1002,True,79
right_half+trunk(16),7,0.8,1003,True,90
right_half+trunk(16),7,0.8,1004,False,250
right_half+trunk(16),7,0.9,1000,True,106
right_half+trunk(16),7,0.9,1001,True,76
right_half+trunk(16),7,0.9,1002,True,74
right_half+trunk(16),7,0.9,1003,True,79
right_half+trunk(16),7,0.9,1004,False,250
right_half+trunk(16),7,1.0,1000,True,90
right_half+trunk(16),7,1.0,1001,True,62
right_half+trunk(16),7,1.0,1002,True,66
right_half+trunk(16),7,1.0,1003,True,76
right_half+trunk(16),7,1.0,1004,True,112
right_half+trunk(16),8,0.2,1000,True,175
right_half+trunk(16),8,0.2,1001,False,250
right_half+trunk(16),8,0.2,1002,False,250
right_half+trunk(16),8,0.2,1003,False,250
right_half+trunk(16),8,0.2,1004,False,250
right_half+trunk(16),8,0.3,1000,True,155
right_half+trunk(16),8,0.3,1001,True,92
right_half+trunk(16),8,0.3,1002,False,250
right_half+trunk(16),8,0.3,1003,False,250
right_half+trunk(16),8,0.3,1004,False,250
right_half+trunk(16),8,0.4,1000,True,100
right_half+trunk(16),8,0.4,1001,True,84
right_half+trunk(16),8,0.4,1002,True,94
right_half+trunk(16),8,0.4,1003,False,250
right_half+trunk(16),8,0.4,1004,False,250
right_half+trunk(16),8,0.5,1000,True,90
right_half+trunk(16),8,0.5,1001,True,81
right_half+trunk(16),8,0.5,1002,True,94
right_half+trunk(16),8,0.5,1003,False,250
right_half+trunk(16),8,0.5,1004,True,205
right_half+trunk(16),8,0.6,1000,True,93
right_half+trunk(16),8,0.6,1001,True,84
right_half+trunk(16),8,0.6,1002,True,97
right_half+trunk(16),8,0.6,1003,True,82
right_half+trunk(16),8,0.6,1004,False,250
right_half+trunk(16),8,0.7,1000,True,79
right_half+trunk(16),8,0.7,1001,True,81
right_half+trunk(16),8,0.7,1002,True,88
right_half+trunk(16),8,0.7,1003,True,84
right_half+trunk(16),8,0.7,1004,False,250
right_half+trunk(16),8,0.8,1000,True,77
right_half+trunk(16),8,0.8,1001,True,81
right_half+trunk(16),8,0.8,1002,True,86
right_half+trunk(16),8,0.8,1003,True,79
right_half+trunk(16),8,0.8,1004,True,110
right_half+trunk(16),8,0.9,1000,True,74
right_half+trunk(16),8,0.9,1001,True,81
right_half+trunk(16),8,0.9,1002,True,79
right_half+trunk(16),8,0.9,1003,True,81
right_half+trunk(16),8,0.9,1004,True,129
right_half+trunk(16),8,1.0,1000,True,74
right_half+trunk(16),8,1.0,1001,True,81
right_half+trunk(16),8,1.0,1002,True,79
right_half+trunk(16),8,1.0,1003,True,75
right_half+trunk(16),8,1.0,1004,True,126
left_half+trunk(16),1,0.2,1000,False,250
left_half+trunk(16),1,0.2,1001,False,250
left_half+trunk(16),1,0.2,1002,False,250
left_half+trunk(16),1,0.2,1003,False,250
left_half+trunk(16),1,0.2,1004,True,132
left_half+trunk(16),1,0.3,1000,False,250
left_half+trunk(16),1,0.3,1001,False,250
left_half+trunk(16),1,0.3,1002,False,250
left_half+trunk(16),1,0.3,1003,False,250
left_half+trunk(16),1,0.3,1004,False,250
left_half+trunk(16),1,0.4,1000,False,250
left_half+trunk(16),1,0.4,1001,False,250
left_half+trunk(16),1,0.4,1002,False,250
left_half+trunk(16),1,0.4,1003,False,250
left_half+trunk(16),1,0.4,1004,False,250
left_half+trunk(16),1,0.5,1000,False,250
left_half+trunk(16),1,0.5,1001,False,250
left_half+trunk(16),1,0.5,1002,False,250
left_half+trunk(16),1,0.5,1003,False,250
left_half+trunk(16),1,0.5,1004,False,250
left_half+trunk(16),1,0.6,1000,False,250
left_half+trunk(16),1,0.6,1001,False,250
left_half+trunk(16),1,0.6,1002,False,250
left_half+trunk(16),1,0.6,1003,False,250
left_half+trunk(16),1,0.6,1004,False,250
left_half+trunk(16),1,0.7,1000,False,250
left_half+trunk(16),1,0.7,1001,False,250
left_half+trunk(16),1,0.7,1002,False,250
left_half+trunk(16),1,0.7,1003,False,250
left_half+trunk(16),1,0.7,1004,True,202
left_half+trunk(16),1,0.8,1000,False,250
left_half+trunk(16),1,0.8,1001,False,250
left_half+trunk(16),1,0.8,1002,False,250
left_half+trunk(16),1,0.8,1003,False,250
left_half+trunk(16),1,0.8,1004,True,99
left_half+trunk(16),1,0.9,1000,False,250
left_half+trunk(16),1,0.9,1001,True,96
left_half+trunk(16),1,0.9,1002,False,250
left_half+trunk(16),1,0.9,1003,False,250
left_half+trunk(16),1,0.9,1004,True,79
left_half+trunk(16),1,1.0,1000,True,92
left_half+trunk(16),1,1.0,1001,True,83
left_half+trunk(16),1,1.0,1002,True,95
left_half+trunk(16),1,1.0,1003,False,250
left_half+trunk(16),1,1.0,1004,True,73
left_half+trunk(16),2,0.2,1000,False,250
left_half+trunk(16),2,0.2,1001,False,250
left_half+trunk(16),2,0.2,1002,False,250
left_half+trunk(16),2,0.2,1003,False,250
left_half+trunk(16),2,0.2,1004,False,250
left_half+trunk(16),2,0.3,1000,False,250
left_half+trunk(16),2,0.3,1001,False,250
left_half+trunk(16),2,0.3,1002,False,250
left_half+trunk(16),2,0.3,1003,False,250
left_half+trunk(16),2,0.3,1004,False,250
left_half+trunk(16),2,0.4,1000,False,250
left_half+trunk(16),2,0.4,1001,False,250
left_half+trunk(16),2,0.4,1002,False,250
left_half+trunk(16),2,0.4,1003,False,250
left_half+trunk(16),2,0.4,1004,False,250
left_half+trunk(16),2,0.5,1000,False,250
left_half+trunk(16),2,0.5,1001,False,250
left_half+trunk(16),2,0.5,1002,False,250
left_half+trunk(16),2,0.5,1003,False,250
left_half+trunk(16),2,0.5,1004,False,250
left_half+trunk(16),2,0.6,1000,False,250
left_half+trunk(16),2,0.6,1001,False,250
left_half+trunk(16),2,0.6,1002,False,250
left_half+trunk(16),2,0.6,1003,False,250
left_half+trunk(16),2,0.6,1004,False,250
left_half+trunk(16),2,0.7,1000,False,250
left_half+trunk(16),2,0.7,1001,False,250
left_half+trunk(16),2,0.7,1002,False,250
left_half+trunk(16),2,0.7,1003,False,250
left_half+trunk(16),2,0.7,1004,False,250
left_half+trunk(16),2,0.8,1000,False,250
left_half+trunk(16),2,0.8,1001,True,84
left_half+trunk(16),2,0.8,1002,False,250
left_half+trunk(16),2,0.8,1003,False,250
left_half+trunk(16),2,0.8,1004,True,106
left_half+trunk(16),2,0.9,1000,True,120
left_half+trunk(16),2,0.9,1001,True,71
left_half+trunk(16),2,0.9,1002,False,250
left_half+trunk(16),2,0.9,1003,False,250
left_half+trunk(16),2,0.9,1004,True,78
left_half+trunk(16),2,1.0,1000,False,250
left_half+trunk(16),2,1.0,1001,True,60
left_half+trunk(16),2,1.0,1002,False,250
left_half+trunk(16),2,1.0,1003,True,97
left_half+trunk(16),2,1.0,1004,True,66
left_half+trunk(16),3,0.2,1000,False,250
left_half+trunk(16),3,0.2,1001,True,176
left_half+trunk(16),3,0.2,1002,True,174
left_half+trunk(16),3,0.2,1003,False,250
left_half+trunk(16),3,0.2,1004,True,103
left_half+trunk(16),3,0.3,1000,False,250
left_half+trunk(16),3,0.3,1001,True,135
left_half+trunk(16),3,0.3,1002,False,250
left_half+trunk(16),3,0.3,1003,True,154
left_half+trunk(16),3,0.3,1004,True,112
left_half+trunk(16),3,0.4,1000,True,161
left_half+trunk(16),3,0.4,1001,True,93
left_half+trunk(16),3,0.4,1002,False,250
left_half+trunk(16),3,0.4,1003,True,115
left_half+trunk(16),3,0.4,1004,True,83
left_half+trunk(16),3,0.5,1000,True,135
left_half+trunk(16),3,0.5,1001,True,94
left_half+trunk(16),3,0.5,1002,True,139
left_half+trunk(16),3,0.5,1003,True,96
left_half+trunk(16),3,0.5,1004,True,72
left_half+trunk(16),3,0.6,1000,True,115
left_half+trunk(16),3,0.6,1001,True,95
left_half+trunk(16),3,0.6,1002,True,103
left_half+trunk(16),3,0.6,1003,True,75
left_half+trunk(16),3,0.6,1004,True,71
left_half+trunk(16),3,0.7,1000,True,114
left_half+trunk(16),3,0.7,1001,True,92
left_half+trunk(16),3,0.7,1002,True,81
left_half+trunk(16),3,0.7,1003,True,72
left_half+trunk(16),3,0.7,1004,True,71
left_half+trunk(16),3,0.8,1000,True,102
left_half+trunk(16),3,0.8,1001,True,85
left_half+trunk(16),3,0.8,1002,True,74
left_half+trunk(16),3,0.8,1003,True,72
left_half+trunk(16),3,0.8,1004,True,69
left_half+trunk(16),3,0.9,1000,True,96
left_half+trunk(16),3,0.9,1001,True,75
left_half+trunk(16),3,0.9,1002,True,72
left_half+trunk(16),3,0.9,1003,True,72
left_half+trunk(16),3,0.9,1004,True,69
left_half+trunk(16),3,1.0,1000,True,90
left_half+trunk(16),3,1.0,1001,True,69
left_half+trunk(16),3,1.0,1002,True,73
left_half+trunk(16),3,1.0,1003,True,72
left_half+trunk(16),3,1.0,1004,True,68
left_half+trunk(16),4,0.2,1000,False,250
left_half+trunk(16),4,0.2,1001,False,250
left_half+trunk(16),4,0.2,1002,False,250
left_half+trunk(16),4,0.2,1003,False,250
left_half+trunk(16),4,0.2,1004,False,250
left_half+trunk(16),4,0.3,1000,False,250
left_half+trunk(16),4,0.3,1001,False,250
left_half+trunk(16),4,0.3,1002,False,250
left_half+trunk(16),4,0.3,1003,False,250
left_half+trunk(16),4,0.3,1004,True,121
left_half+trunk(16),4,0.4,1000,False,250
left_half+trunk(16),4,0.4,1001,True,128
left_half+trunk(16),4,0.4,1002,False,250
left_half+trunk(16),4,0.4,1003,True,136
left_half+trunk(16),4,0.4,1004,True,92
left_half+trunk(16),4,0.5,1000,False,250
left_half+trunk(16),4,0.5,1001,True,98
left_half+trunk(16),4,0.5,1002,True,173
left_half+trunk(16),4,0.5,1003,True,105
left_half+trunk(16),4,0.5,1004,True,84
left_half+trunk(16),4,0.6,1000,False,250
left_half+trunk(16),4,0.6,1001,True,96
left_half+trunk(16),4,0.6,1002,True,144
left_half+trunk(16),4,0.6,1003,True,96
left_half+trunk(16),4,0.6,1004,True,95
left_half+trunk(16),4,0.7,1000,False,250
left_half+trunk(16),4,0.7,1001,True,87
left_half+trunk(16),4,0.7,1002,True,136
left_half+trunk(16),4,0.7,1003,True,83
left_half+trunk(16),4,0.7,1004,True,79
left_half+trunk(16),4,0.8,1000,True,96
left_half+trunk(16),4,0.8,1001,True,84
left_half+trunk(16),4,0.8,1002,True,98
left_half+trunk(16),4,0.8,1003,True,76
left_half+trunk(16),4,0.8,1004,True,74
left_half+trunk(16),4,0.9,1000,True,76
left_half+trunk(16),4,0.9,1001,True,65
left_half+trunk(16),4,0.9,1002,True,81
left_half+trunk(16),4,0.9,1003,True,75
left_half+trunk(16),4,0.9,1004,True,68
left_half+trunk(16),4,1.0,1000,True,71
left_half+trunk(16),4,1.0,1001,True,64
left_half+trunk(16),4,1.0,1002,True,74
left_half+trunk(16),4,1.0,1003,True,68
left_half+trunk(16),4,1.0,1004,True,60
left_half+trunk(16),5,0.2,1000,False,250
left_half+trunk(16),5,0.2,1001,False,250
left_half+trunk(16),5,0.2,1002,False,250
left_half+trunk(16),5,0.2,1003,False,250
left_half+trunk(16),5,0.2,1004,False,250
left_half+trunk(16),5,0.3,1000,False,250
left_half+trunk(16),5,0.3,1001,False,250
left_half+trunk(16),5,0.3,1002,False,250
left_half+trunk(16),5,0.3,1003,False,250
left_half+trunk(16),5,0.3,1004,False,250
left_half+trunk(16),5,0.4,1000,False,250
left_half+trunk(16),5,0.4,1001,False,250
left_half+trunk(16),5,0.4,1002,False,250
left_half+trunk(16),5,0.4,1003,False,250
left_half+trunk(16),5,0.4,1004,True,130
left_half+trunk(16),5,0.5,1000,False,250
left_half+trunk(16),5,0.5,1001,False,250
left_half+trunk(16),5,0.5,1002,False,250
left_half+trunk(16),5,0.5,1003,False,250
left_half+trunk(16),5,0.5,1004,True,108
left_half+trunk(16),5,0.6,1000,False,250
left_half+trunk(16),5,0.6,1001,False,250
left_half+trunk(16),5,0.6,1002,False,250
left_half+trunk(16),5,0.6,1003,False,250
left_half+trunk(16),5,0.6,1004,True,101
left_half+trunk(16),5,0.7,1000,False,250
left_half+trunk(16),5,0.7,1001,True,112
left_half+trunk(16),5,0.7,1002,False,250
left_half+trunk(16),5,0.7,1003,False,250
left_half+trunk(16),5,0.7,1004,True,98
left_half+trunk(16),5,0.8,1000,False,250
left_half+trunk(16),5,0.8,1001,False,250
left_half+trunk(16),5,0.8,1002,False,250
left_half+trunk(16),5,0.8,1003,False,250
left_half+trunk(16),5,0.8,1004,True,103
left_half+trunk(16),5,0.9,1000,False,250
left_half+trunk(16),5,0.9,1001,True,70
left_half+trunk(16),5,0.9,1002,False,250
left_half+trunk(16),5,0.9,1003,False,250
left_half+trunk(16),5,0.9,1004,True,106
left_half+trunk(16),5,1.0,1000,False,250
left_half+trunk(16),5,1.0,1001,True,63
left_half+trunk(16),5,1.0,1002,False,250
left_half+trunk(16),5,1.0,1003,True,96
left_half+trunk(16),5,1.0,1004,True,83
left_half+trunk(16),6,0.2,1000,False,250
left_half+trunk(16),6,0.2,1001,False,250
left_half+trunk(16),6,0.2,1002,False,250
left_half+trunk(16),6,0.2,1003,False,250
left_half+trunk(16),6,0.2,1004,False,250
left_half+trunk(16),6,0.3,1000,False,250
left_half+trunk(16),6,0.3,1001,False,250
left_half+trunk(16),6,0.3,1002,False,250
left_half+trunk(16),6,0.3,1003,True,122
left_half+trunk(16),6,0.3,1004,True,161
left_half+trunk(16),6,0.4,1000,False,250
left_half+trunk(16),6,0.4,1001,False,250
left_half+trunk(16),6,0.4,1002,False,250
left_half+trunk(16),6,0.4,1003,True,118
left_half+trunk(16),6,0.4,1004,False,250
left_half+trunk(16),6,0.5,1000,False,250
left_half+trunk(16),6,0.5,1001,True,142
left_half+trunk(16),6,0.5,1002,False,250
left_half+trunk(16),6,0.5,1003,True,119
left_half+trunk(16),6,0.5,1004,False,250
left_half+trunk(16),6,0.6,1000,False,250
left_half+trunk(16),6,0.6,1001,False,250
left_half+trunk(16),6,0.6,1002,False,250
left_half+trunk(16),6,0.6,1003,True,139
left_half+trunk(16),6,0.6,1004,True,172
left_half+trunk(16),6,0.7,1000,False,250
left_half+trunk(16),6,0.7,1001,False,250
left_half+trunk(16),6,0.7,1002,False,250
left_half+trunk(16),6,0.7,1003,False,250
left_half+trunk(16),6,0.7,1004,True,109
left_half+trunk(16),6,0.8,1000,False,250
left_half+trunk(16),6,0.8,1001,True,137
left_half+trunk(16),6,0.8,1002,False,250
left_half+trunk(16),6,0.8,1003,True,104
left_half+trunk(16),6,0.8,1004,True,110
left_half+trunk(16),6,0.9,1000,False,250
left_half+trunk(16),6,0.9,1001,True,132
left_half+trunk(16),6,0.9,1002,False,250
left_half+trunk(16),6,0.9,1003,True,121
left_half+trunk(16),6,0.9,1004,True,102
left_half+trunk(16),6,1.0,1000,False,250
left_half+trunk(16),6,1.0,1001,True,140
left_half+trunk(16),6,1.0,1002,False,250
left_half+trunk(16),6,1.0,1003,True,78
left_half+trunk(16),6,1.0,1004,True,99
left_half+trunk(16),7,0.2,1000,False,250
left_half+trunk(16),7,0.2,1001,False,250
left_half+trunk(16),7,0.2,1002,False,250
left_half+trunk(16),7,0.2,1003,False,250
left_half+trunk(16),7,0.2,1004,False,250
left_half+trunk(16),7,0.3,1000,False,250
left_half+trunk(16),7,0.3,1001,False,250
left_half+trunk(16),7,0.3,1002,False,250
left_half+trunk(16),7,0.3,1003,False,250
left_half+trunk(16),7,0.3,1004,False,250
left_half+trunk(16),7,0.4,1000,False,250
left_half+trunk(16),7,0.4,1001,True,103
left_half+trunk(16),7,0.4,1002,False,250
left_half+trunk(16),7,0.4,1003,False,250
left_half+trunk(16),7,0.4,1004,True,216
left_half+trunk(16),7,0.5,1000,False,250
left_half+trunk(16),7,0.5,1001,False,250
left_half+trunk(16),7,0.5,1002,False,250
left_half+trunk(16),7,0.5,1003,False,250
left_half+trunk(16),7,0.5,1004,True,106
left_half+trunk(16),7,0.6,1000,True,103
left_half+trunk(16),7,0.6,1001,False,250
left_half+trunk(16),7,0.6,1002,False,250
left_half+trunk(16),7,0.6,1003,False,250
left_half+trunk(16),7,0.6,1004,True,103
left_half+trunk(16),7,0.7,1000,True,79
left_half+trunk(16),7,0.7,1001,False,250
left_half+trunk(16),7,0.7,1002,False,250
left_half+trunk(16),7,0.7,1003,True,183
left_half+trunk(16),7,0.7,1004,True,99
left_half+trunk(16),7,0.8,1000,True,84
left_half+trunk(16),7,0.8,1001,True,97
left_half+trunk(16),7,0.8,1002,False,250
left_half+trunk(16),7,0.8,1003,True,143
left_half+trunk(16),7,0.8,1004,True,97
left_half+trunk(16),7,0.9,1000,True,85
left_half+trunk(16),7,0.9,1001,True,78
left_half+trunk(16),7,0.9,1002,True,124
left_half+trunk(16),7,0.9,1003,True,141
left_half+trunk(16),7,0.9,1004,True,84
left_half+trunk(16),7,1.0,1000,True,71
left_half+trunk(16),7,1.0,1001,True,72
left_half+trunk(16),7,1.0,1002,True,101
left_half+trunk(16),7,1.0,1003,True,151
left_half+trunk(16),7,1.0,1004,True,77
left_half+trunk(16),8,0.2,1000,False,250
left_half+trunk(16),8,0.2,1001,False,250
left_half+trunk(16),8,0.2,1002,False,250
left_half+trunk(16),8,0.2,1003,False,250
left_half+trunk(16),8,0.2,1004,False,250
left_half+trunk(16),8,0.3,1000,False,250
left_half+trunk(16),8,0.3,1001,False,250
left_half+trunk(16),8,0.3,1002,False,250
left_half+trunk(16),8,0.3,1003,False,250
left_half+trunk(16),8,0.3,1004,True,108
left_half+trunk(16),8,0.4,1000,False,250
left_half+trunk(16),8,0.4,1001,False,250
left_half+trunk(16),8,0.4,1002,False,250
left_half+trunk(16),8,0.4,1003,False,250
left_half+trunk(16),8,0.4,1004,True,91
left_half+trunk(16),8,0.5,1000,False,250
left_half+trunk(16),8,0.5,1001,False,250
left_half+trunk(16),8,0.5,1002,False,250
left_half+trunk(16),8,0.5,1003,False,250
left_half+trunk(16),8,0.5,1004,True,77
left_half+trunk(16),8,0.6,1000,False,250
left_half+trunk(16),8,0.6,1001,False,250
left_half+trunk(16),8,0.6,1002,False,250
left_half+trunk(16),8,0.6,1003,True,113
left_half+trunk(16),8,0.6,1004,True,73
left_half+trunk(16),8,0.7,1000,False,250
left_half+trunk(16),8,0.7,1001,False,250
left_half+trunk(16),8,0.7,1002,False,250
left_half+trunk(16),8,0.7,1003,True,95
left_half+trunk(16),8,0.7,1004,True,80
left_half+trunk(16),8,0.8,1000,False,250
left_half+trunk(16),8,0.8,1001,False,250
left_half+trunk(16),8,0.8,1002,False,250
left_half+trunk(16),8,0.8,1003,True,94
left_half+trunk(16),8,0.8,1004,True,72
left_half+trunk(16),8,0.9,1000,False,250
left_half+trunk(16),8,0.9,1001,True,118
left_half+trunk(16),8,0.9,1002,False,250
left_half+trunk(16),8,0.9,1003,True,90
left_half+trunk(16),8,0.9,1004,True,72
left_half+trunk(16),8,1.0,1000,True,125
left_half+trunk(16),8,1.0,1001,True,68
left_half+trunk(16),8,1.0,1002,True,94
left_half+trunk(16),8,1.0,1003,True,76
left_half+trunk(16),8,1.0,1004,True,70
