seed,speed,n_steps,fell_over,left_duty_factor,right_duty_factor,double_support_frac,flight_frac
1,0.2,250,0,0.968,0.956,0.928,0.004
1,0.3,250,0,0.776,0.78,0.56,0.004
1,0.4,250,0,0.728,0.76,0.492,0.004
1,0.5,250,0,0.712,0.724,0.44,0.004
1,0.6,250,0,0.692,0.728,0.424,0.004
1,0.7,250,0,0.684,0.708,0.4,0.008
1,0.8,250,0,0.664,0.7,0.372,0.008
1,0.9,250,0,0.62,0.672,0.304,0.012
1,1.0,250,0,0.6,0.652,0.264,0.012
2,0.2,250,0,0.996,0.992,0.992,0.004
2,0.3,250,0,0.772,0.816,0.592,0.004
2,0.4,250,0,0.764,0.748,0.516,0.004
2,0.5,250,0,0.728,0.76,0.492,0.004
2,0.6,250,0,0.712,0.724,0.44,0.004
2,0.7,250,0,0.664,0.728,0.396,0.004
2,0.8,250,0,0.636,0.72,0.372,0.016
2,0.9,250,0,0.64,0.704,0.356,0.012
2,1.0,250,0,0.616,0.684,0.328,0.028
3,0.2,250,0,0.996,0.996,0.996,0.004
3,0.3,250,0,0.812,0.796,0.612,0.004
3,0.4,250,0,0.724,0.76,0.488,0.004
3,0.5,250,0,0.688,0.744,0.436,0.004
3,0.6,250,0,0.68,0.704,0.388,0.004
3,0.7,250,0,0.652,0.704,0.364,0.008
3,0.8,250,0,0.628,0.668,0.304,0.008
3,0.9,250,0,0.612,0.656,0.276,0.008
3,1.0,250,0,0.608,0.66,0.284,0.016
4,0.2,250,0,0.88,0.872,0.756,0.004
4,0.3,250,0,0.784,0.796,0.584,0.004
4,0.4,250,0,0.72,0.76,0.484,0.004
4,0.5,250,0,0.74,0.752,0.496,0.004
4,0.6,250,0,0.7,0.724,0.428,0.004
4,0.7,250,0,0.68,0.696,0.38,0.004
4,0.8,250,0,0.668,0.696,0.368,0.004
4,0.9,250,0,0.676,0.676,0.356,0.004
4,1.0,250,0,0.672,0.668,0.348,0.008
5,0.2,250,0,0.996,0.996,0.996,0.004
5,0.3,250,0,0.812,0.784,0.6,0.004
5,0.4,250,0,0.736,0.728,0.468,0.004
5,0.5,250,0,0.712,0.716,0.432,0.004
5,0.6,250,0,0.712,0.712,0.428,0.004
5,0.7,250,0,0.68,0.708,0.392,0.004
5,0.8,250,0,0.672,0.708,0.388,0.008
5,0.9,250,0,0.652,0.676,0.34,0.012
5,1.0,250,0,0.64,0.656,0.308,0.012
6,0.2,250,0,0.984,0.992,0.98,0.004
6,0.3,250,0,0.784,0.816,0.604,0.004
6,0.4,250,0,0.732,0.776,0.512,0.004
6,0.5,250,0,0.7,0.744,0.448,0.004
6,0.6,250,0,0.7,0.736,0.44,0.004
6,0.7,250,0,0.664,0.72,0.388,0.004
6,0.8,250,0,0.664,0.688,0.36,0.008
6,0.9,250,0,0.624,0.696,0.324,0.004
6,1.0,250,0,0.608,0.672,0.296,0.016
7,0.2,250,0,0.892,0.84,0.736,0.004
7,0.3,250,0,0.788,0.792,0.584,0.004
7,0.4,250,0,0.76,0.748,0.512,0.004
7,0.5,250,0,0.728,0.728,0.46,0.004
7,0.6,250,0,0.716,0.716,0.436,0.004
7,0.7,250,0,0.7,0.724,0.428,0.004
7,0.8,250,0,0.668,0.684,0.356,0.004
7,0.9,250,0,0.652,0.66,0.316,0.004
7,1.0,250,0,0.628,0.652,0.284,0.004
8,0.2,250,0,0.988,0.98,0.972,0.004
8,0.3,250,0,0.808,0.816,0.628,0.004
8,0.4,250,0,0.756,0.776,0.536,0.004
8,0.5,250,0,0.724,0.744,0.472,0.004
8,0.6,250,0,0.696,0.72,0.42,0.004
8,0.7,250,0,0.688,0.732,0.424,0.004
8,0.8,250,0,0.656,0.696,0.364,0.012
8,0.9,250,0,0.628,0.676,0.312,0.008
8,1.0,250,0,0.608,0.676,0.296,0.012
