seed,joint_name,fell_over,n_steps_completed,velocity_rmse_mps,orientation_rms_deg,joint_tracking_rms_deg
1,(baseline),False,250,0.1295311003923416,2.4200304711876672,3.901614189147949
1,left_hip_pitch_joint,False,250,0.11497258394956589,1.7815947076807468,3.9820573329925537
1,left_hip_roll_joint,False,250,0.128701314330101,2.7496747896724956,3.9668986797332764
1,left_hip_yaw_joint,False,250,0.13205541670322418,2.389272630003248,3.9014766216278076
1,left_knee_joint,False,250,0.15121369063854218,2.474505125095087,3.6095988750457764
1,left_ankle_pitch_joint,False,250,0.14262989163398743,2.4792825758324666,4.075594425201416
1,left_ankle_roll_joint,False,250,0.12845924496650696,2.5088642674763832,3.955141305923462
1,right_hip_pitch_joint,False,250,0.13130734860897064,1.9856899030666517,3.9994938373565674
1,right_hip_roll_joint,False,250,0.13501247763633728,2.007030798942766,3.8614866733551025
1,right_hip_yaw_joint,False,250,0.13141056895256042,2.3620698753215676,3.900810956954956
1,right_knee_joint,False,250,0.1564553678035736,2.3553952998405974,3.842822551727295
1,right_ankle_pitch_joint,False,250,0.12989991903305054,1.9451110945394783,4.032783508300781
1,right_ankle_roll_joint,False,250,0.12651114165782928,2.488982112777448,3.8829729557037354
2,(baseline),False,250,0.15352007746696472,0.7556648605591526,3.9756927490234375
2,left_hip_pitch_joint,False,250,0.11860156804323196,2.0612044165488506,4.38079309463501
2,left_hip_roll_joint,False,250,0.1497238725423813,0.611336772073339,4.0398359298706055
2,left_hip_yaw_joint,False,250,0.1501256823539734,0.844083163996784,4.113420009613037
2,left_knee_joint,False,250,0.14058439433574677,1.2719905308369723,3.7259862422943115
2,left_ankle_pitch_joint,False,250,0.14865551888942719,0.955119085199038,4.4577317237854
2,left_ankle_roll_joint,False,250,0.15204019844532013,0.7232217114710614,3.9625627994537354
2,right_hip_pitch_joint,False,250,0.14496411383152008,2.4257169136045817,3.814667224884033
2,right_hip_roll_joint,False,250,0.1654091328382492,1.6573872415119784,3.903848648071289
2,right_hip_yaw_joint,False,250,0.154075026512146,0.6794339908383127,4.026942253112793
2,right_knee_joint,False,250,0.1569019854068756,1.0051671888800828,3.912241220474243
2,right_ankle_pitch_joint,False,250,0.14425617456436157,0.9366459855752695,4.104489803314209
2,right_ankle_roll_joint,False,250,0.1541488915681839,0.7989050665144196,3.9415578842163086
3,(baseline),False,250,0.14308412373065948,3.332066093166153,3.8414549827575684
3,left_hip_pitch_joint,False,250,0.13644908368587494,1.704103018782388,3.8581809997558594
3,left_hip_roll_joint,False,250,0.14743252098560333,3.369156822119364,3.8152475357055664
3,left_hip_yaw_joint,False,250,0.14635448157787323,3.527294658562289,3.870650291442871
3,left_knee_joint,False,250,0.1577165573835373,3.285559675367479,3.7204504013061523
3,left_ankle_pitch_joint,False,250,0.14121554791927338,3.2421297173244823,3.9519259929656982
3,left_ankle_roll_joint,False,250,0.13660815358161926,3.4964568299733925,3.913773775100708
3,right_hip_pitch_joint,False,250,0.12794265151023865,1.7511309282257308,4.0686492919921875
3,right_hip_roll_joint,False,250,0.13230448961257935,3.443242599754573,3.9517946243286133
3,right_hip_yaw_joint,False,250,0.14136669039726257,3.3336719907634293,3.813807964324951
3,right_knee_joint,False,250,0.1569848656654358,2.7173293086266552,3.7274415493011475
3,right_ankle_pitch_joint,False,250,0.14597062766551971,3.324799215038213,4.002447128295898
3,right_ankle_roll_joint,False,250,0.139110267162323,3.2976256936854287,3.8611161708831787
