condition,fault_mode,seed,speed,fell,n_steps_completed
right_half+trunk,zero,1,0.2,True,246
right_half+trunk,zero,1,0.3,True,132
right_half+trunk,zero,1,0.4,True,103
right_half+trunk,zero,1,0.5,True,98
right_half+trunk,zero,1,0.6,True,100
right_half+trunk,zero,1,0.7,True,99
right_half+trunk,zero,1,0.8,True,97
right_half+trunk,zero,1,0.9,True,90
right_half+trunk,zero,1,1.0,True,81
right_half+trunk,zero,2,0.2,False,250
right_half+trunk,zero,2,0.3,False,250
right_half+trunk,zero,2,0.4,False,250
right_half+trunk,zero,2,0.5,False,250
right_half+trunk,zero,2,0.6,False,250
right_half+trunk,zero,2,0.7,False,250
right_half+trunk,zero,2,0.8,True,99
right_half+trunk,zero,2,0.9,True,86
right_half+trunk,zero,2,1.0,True,82
right_half+trunk,zero,3,0.2,False,250
right_half+trunk,zero,3,0.3,False,250
right_half+trunk,zero,3,0.4,False,250
right_half+trunk,zero,3,0.5,False,250
right_half+trunk,zero,3,0.6,False,250
right_half+trunk,zero,3,0.7,True,84
right_half+trunk,zero,3,0.8,True,79
right_half+trunk,zero,3,0.9,True,78
right_half+trunk,zero,3,1.0,True,78
right_half+trunk,zero,4,0.2,False,250
right_half+trunk,zero,4,0.3,False,250
right_half+trunk,zero,4,0.4,False,250
right_half+trunk,zero,4,0.5,True,90
right_half+trunk,zero,4,0.6,True,81
right_half+trunk,zero,4,0.7,True,72
right_half+trunk,zero,4,0.8,True,68
right_half+trunk,zero,4,0.9,True,65
right_half+trunk,zero,4,1.0,True,63
right_half+trunk,zero,5,0.2,True,239
right_half+trunk,zero,5,0.3,False,250
right_half+trunk,zero,5,0.4,False,250
right_half+trunk,zero,5,0.5,True,170
right_half+trunk,zero,5,0.6,False,250
right_half+trunk,zero,5,0.7,True,156
right_half+trunk,zero,5,0.8,True,87
right_half+trunk,zero,5,0.9,True,71
right_half+trunk,zero,5,1.0,True,67
right_half+trunk,zero,6,0.2,False,250
right_half+trunk,zero,6,0.3,False,250
right_half+trunk,zero,6,0.4,False,250
right_half+trunk,zero,6,0.5,True,190
right_half+trunk,zero,6,0.6,True,82
right_half+trunk,zero,6,0.7,True,75
right_half+trunk,zero,6,0.8,True,65
right_half+trunk,zero,6,0.9,True,63
right_half+trunk,zero,6,1.0,True,61
right_half+trunk,zero,7,0.2,False,250
right_half+trunk,zero,7,0.3,False,250
right_half+trunk,zero,7,0.4,False,250
right_half+trunk,zero,7,0.5,False,250
right_half+trunk,zero,7,0.6,False,250
right_half+trunk,zero,7,0.7,True,95
right_half+trunk,zero,7,0.8,True,84
right_half+trunk,zero,7,0.9,True,82
right_half+trunk,zero,7,1.0,True,76
right_half+trunk,zero,8,0.2,False,250
right_half+trunk,zero,8,0.3,True,92
right_half+trunk,zero,8,0.4,True,81
right_half+trunk,zero,8,0.5,True,79
right_half+trunk,zero,8,0.6,True,80
right_half+trunk,zero,8,0.7,True,79
right_half+trunk,zero,8,0.8,True,79
right_half+trunk,zero,8,0.9,True,79
right_half+trunk,zero,8,1.0,True,77
right_half+trunk,freeze,1,0.2,False,250
right_half+trunk,freeze,1,0.3,False,250
right_half+trunk,freeze,1,0.4,False,250
right_half+trunk,freeze,1,0.5,False,250
right_half+trunk,freeze,1,0.6,False,250
right_half+trunk,freeze,1,0.7,False,250
right_half+trunk,freeze,1,0.8,False,250
right_half+trunk,freeze,1,0.9,False,250
right_half+trunk,freeze,1,1.0,False,250
right_half+trunk,freeze,2,0.2,False,250
right_half+trunk,freeze,2,0.3,False,250
right_half+trunk,freeze,2,0.4,False,250
right_half+trunk,freeze,2,0.5,False,250
right_half+trunk,freeze,2,0.6,False,250
right_half+trunk,freeze,2,0.7,False,250
right_half+trunk,freeze,2,0.8,False,250
right_half+trunk,freeze,2,0.9,False,250
right_half+trunk,freeze,2,1.0,False,250
right_half+trunk,freeze,3,0.2,False,250
right_half+trunk,freeze,3,0.3,False,250
right_half+trunk,freeze,3,0.4,False,250
right_half+trunk,freeze,3,0.5,False,250
right_half+trunk,freeze,3,0.6,False,250
right_half+trunk,freeze,3,0.7,False,250
right_half+trunk,freeze,3,0.8,False,250
right_half+trunk,freeze,3,0.9,False,250
right_half+trunk,freeze,3,1.0,False,250
right_half+trunk,freeze,4,0.2,False,250
right_half+trunk,freeze,4,0.3,False,250
right_half+trunk,freeze,4,0.4,False,250
right_half+trunk,freeze,4,0.5,False,250
right_half+trunk,freeze,4,0.6,False,250
right_half+trunk,freeze,4,0.7,False,250
right_half+trunk,freeze,4,0.8,False,250
right_half+trunk,freeze,4,0.9,False,250
right_half+trunk,freeze,4,1.0,False,250
right_half+trunk,freeze,5,0.2,False,250
right_half+trunk,freeze,5,0.3,False,250
right_half+trunk,freeze,5,0.4,False,250
right_half+trunk,freeze,5,0.5,False,250
right_half+trunk,freeze,5,0.6,False,250
right_half+trunk,freeze,5,0.7,False,250
right_half+trunk,freeze,5,0.8,False,250
right_half+trunk,freeze,5,0.9,False,250
right_half+trunk,freeze,5,1.0,False,250
right_half+trunk,freeze,6,0.2,False,250
right_half+trunk,freeze,6,0.3,False,250
right_half+trunk,freeze,6,0.4,False,250
right_half+trunk,freeze,6,0.5,False,250
right_half+trunk,freeze,6,0.6,False,250
right_half+trunk,freeze,6,0.7,False,250
right_half+trunk,freeze,6,0.8,False,250
right_half+trunk,freeze,6,0.9,False,250
right_half+trunk,freeze,6,1.0,False,250
right_half+trunk,freeze,7,0.2,False,250
right_half+trunk,freeze,7,0.3,False,250
right_half+trunk,freeze,7,0.4,False,250
right_half+trunk,freeze,7,0.5,False,250
right_half+trunk,freeze,7,0.6,False,250
right_half+trunk,freeze,7,0.7,False,250
right_half+trunk,freeze,7,0.8,False,250
right_half+trunk,freeze,7,0.9,False,250
right_half+trunk,freeze,7,1.0,False,250
right_half+trunk,freeze,8,0.2,False,250
right_half+trunk,freeze,8,0.3,False,250
right_half+trunk,freeze,8,0.4,False,250
right_half+trunk,freeze,8,0.5,False,250
right_half+trunk,freeze,8,0.6,False,250
right_half+trunk,freeze,8,0.7,False,250
right_half+trunk,freeze,8,0.8,False,250
right_half+trunk,freeze,8,0.9,False,250
right_half+trunk,freeze,8,1.0,False,250
right_half+trunk,mean_replace,1,0.2,False,250
right_half+trunk,mean_replace,1,0.3,False,250
right_half+trunk,mean_replace,1,0.4,True,147
right_half+trunk,mean_replace,1,0.5,True,135
right_half+trunk,mean_replace,1,0.6,True,108
right_half+trunk,mean_replace,1,0.7,True,99
right_half+trunk,mean_replace,1,0.8,True,99
right_half+trunk,mean_replace,1,0.9,True,99
right_half+trunk,mean_replace,1,1.0,True,90
right_half+trunk,mean_replace,2,0.2,False,250
right_half+trunk,mean_replace,2,0.3,False,250
right_half+trunk,mean_replace,2,0.4,False,250
right_half+trunk,mean_replace,2,0.5,False,250
right_half+trunk,mean_replace,2,0.6,False,250
right_half+trunk,mean_replace,2,0.7,False,250
right_half+trunk,mean_replace,2,0.8,True,101
right_half+trunk,mean_replace,2,0.9,True,84
right_half+trunk,mean_replace,2,1.0,True,83
right_half+trunk,mean_replace,3,0.2,True,209
right_half+trunk,mean_replace,3,0.3,False,250
right_half+trunk,mean_replace,3,0.4,False,250
right_half+trunk,mean_replace,3,0.5,True,100
right_half+trunk,mean_replace,3,0.6,True,77
right_half+trunk,mean_replace,3,0.7,True,69
right_half+trunk,mean_replace,3,0.8,True,66
right_half+trunk,mean_replace,3,0.9,True,71
right_half+trunk,mean_replace,3,1.0,True,79
right_half+trunk,mean_replace,4,0.2,False,250
right_half+trunk,mean_replace,4,0.3,True,131
right_half+trunk,mean_replace,4,0.4,True,95
right_half+trunk,mean_replace,4,0.5,True,80
right_half+trunk,mean_replace,4,0.6,True,71
right_half+trunk,mean_replace,4,0.7,True,66
right_half+trunk,mean_replace,4,0.8,True,64
right_half+trunk,mean_replace,4,0.9,True,62
right_half+trunk,mean_replace,4,1.0,True,60
right_half+trunk,mean_replace,5,0.2,False,250
right_half+trunk,mean_replace,5,0.3,True,147
right_half+trunk,mean_replace,5,0.4,False,250
right_half+trunk,mean_replace,5,0.5,False,250
right_half+trunk,mean_replace,5,0.6,False,250
right_half+trunk,mean_replace,5,0.7,False,250
right_half+trunk,mean_replace,5,0.8,False,250
right_half+trunk,mean_replace,5,0.9,True,105
right_half+trunk,mean_replace,5,1.0,True,72
right_half+trunk,mean_replace,6,0.2,False,250
right_half+trunk,mean_replace,6,0.3,False,250
right_half+trunk,mean_replace,6,0.4,True,185
right_half+trunk,mean_replace,6,0.5,True,82
right_half+trunk,mean_replace,6,0.6,True,67
right_half+trunk,mean_replace,6,0.7,True,63
right_half+trunk,mean_replace,6,0.8,True,61
right_half+trunk,mean_replace,6,0.9,True,59
right_half+trunk,mean_replace,6,1.0,True,58
right_half+trunk,mean_replace,7,0.2,True,217
right_half+trunk,mean_replace,7,0.3,False,250
right_half+trunk,mean_replace,7,0.4,False,250
right_half+trunk,mean_replace,7,0.5,False,250
right_half+trunk,mean_replace,7,0.6,False,250
right_half+trunk,mean_replace,7,0.7,True,114
right_half+trunk,mean_replace,7,0.8,True,84
right_half+trunk,mean_replace,7,0.9,True,83
right_half+trunk,mean_replace,7,1.0,True,75
right_half+trunk,mean_replace,8,0.2,False,250
right_half+trunk,mean_replace,8,0.3,True,110
right_half+trunk,mean_replace,8,0.4,True,85
right_half+trunk,mean_replace,8,0.5,True,80
right_half+trunk,mean_replace,8,0.6,True,78
right_half+trunk,mean_replace,8,0.7,True,78
right_half+trunk,mean_replace,8,0.8,True,77
right_half+trunk,mean_replace,8,0.9,True,77
right_half+trunk,mean_replace,8,1.0,True,75
right_half+trunk,pos_only,1,0.2,False,250
right_half+trunk,pos_only,1,0.3,False,250
right_half+trunk,pos_only,1,0.4,False,250
right_half+trunk,pos_only,1,0.5,False,250
right_half+trunk,pos_only,1,0.6,False,250
right_half+trunk,pos_only,1,0.7,False,250
right_half+trunk,pos_only,1,0.8,False,250
right_half+trunk,pos_only,1,0.9,False,250
right_half+trunk,pos_only,1,1.0,True,124
right_half+trunk,pos_only,2,0.2,False,250
right_half+trunk,pos_only,2,0.3,False,250
right_half+trunk,pos_only,2,0.4,False,250
right_half+trunk,pos_only,2,0.5,False,250
right_half+trunk,pos_only,2,0.6,False,250
right_half+trunk,pos_only,2,0.7,False,250
right_half+trunk,pos_only,2,0.8,False,250
right_half+trunk,pos_only,2,0.9,False,250
right_half+trunk,pos_only,2,1.0,True,119
right_half+trunk,pos_only,3,0.2,False,250
right_half+trunk,pos_only,3,0.3,False,250
right_half+trunk,pos_only,3,0.4,False,250
right_half+trunk,pos_only,3,0.5,False,250
right_half+trunk,pos_only,3,0.6,False,250
right_half+trunk,pos_only,3,0.7,False,250
right_half+trunk,pos_only,3,0.8,False,250
right_half+trunk,pos_only,3,0.9,True,167
right_half+trunk,pos_only,3,1.0,True,120
right_half+trunk,pos_only,4,0.2,False,250
right_half+trunk,pos_only,4,0.3,True,188
right_half+trunk,pos_only,4,0.4,True,132
right_half+trunk,pos_only,4,0.5,True,141
right_half+trunk,pos_only,4,0.6,True,120
right_half+trunk,pos_only,4,0.7,True,113
right_half+trunk,pos_only,4,0.8,True,95
right_half+trunk,pos_only,4,0.9,True,94
right_half+trunk,pos_only,4,1.0,True,81
right_half+trunk,pos_only,5,0.2,False,250
right_half+trunk,pos_only,5,0.3,False,250
right_half+trunk,pos_only,5,0.4,False,250
right_half+trunk,pos_only,5,0.5,False,250
right_half+trunk,pos_only,5,0.6,False,250
right_half+trunk,pos_only,5,0.7,False,250
right_half+trunk,pos_only,5,0.8,False,250
right_half+trunk,pos_only,5,0.9,False,250
right_half+trunk,pos_only,5,1.0,False,250
right_half+trunk,pos_only,6,0.2,False,250
right_half+trunk,pos_only,6,0.3,False,250
right_half+trunk,pos_only,6,0.4,False,250
right_half+trunk,pos_only,6,0.5,True,128
right_half+trunk,pos_only,6,0.6,True,133
right_half+trunk,pos_only,6,0.7,True,112
right_half+trunk,pos_only,6,0.8,True,92
right_half+trunk,pos_only,6,0.9,True,86
right_half+trunk,pos_only,6,1.0,True,76
right_half+trunk,pos_only,7,0.2,False,250
right_half+trunk,pos_only,7,0.3,False,250
right_half+trunk,pos_only,7,0.4,False,250
right_half+trunk,pos_only,7,0.5,False,250
right_half+trunk,pos_only,7,0.6,False,250
right_half+trunk,pos_only,7,0.7,True,152
right_half+trunk,pos_only,7,0.8,True,107
right_half+trunk,pos_only,7,0.9,True,94
right_half+trunk,pos_only,7,1.0,True,87
right_half+trunk,pos_only,8,0.2,False,250
right_half+trunk,pos_only,8,0.3,False,250
right_half+trunk,pos_only,8,0.4,True,96
right_half+trunk,pos_only,8,0.5,True,90
right_half+trunk,pos_only,8,0.6,True,98
right_half+trunk,pos_only,8,0.7,True,95
right_half+trunk,pos_only,8,0.8,True,95
right_half+trunk,pos_only,8,0.9,True,89
right_half+trunk,pos_only,8,1.0,True,83
right_half+trunk,vel_only,1,0.2,False,250
right_half+trunk,vel_only,1,0.3,False,250
right_half+trunk,vel_only,1,0.4,False,250
right_half+trunk,vel_only,1,0.5,False,250
right_half+trunk,vel_only,1,0.6,False,250
right_half+trunk,vel_only,1,0.7,False,250
right_half+trunk,vel_only,1,0.8,False,250
right_half+trunk,vel_only,1,0.9,False,250
right_half+trunk,vel_only,1,1.0,False,250
right_half+trunk,vel_only,2,0.2,False,250
right_half+trunk,vel_only,2,0.3,False,250
right_half+trunk,vel_only,2,0.4,False,250
right_half+trunk,vel_only,2,0.5,False,250
right_half+trunk,vel_only,2,0.6,False,250
right_half+trunk,vel_only,2,0.7,False,250
right_half+trunk,vel_only,2,0.8,False,250
right_half+trunk,vel_only,2,0.9,False,250
right_half+trunk,vel_only,2,1.0,False,250
right_half+trunk,vel_only,3,0.2,False,250
right_half+trunk,vel_only,3,0.3,False,250
right_half+trunk,vel_only,3,0.4,False,250
right_half+trunk,vel_only,3,0.5,False,250
right_half+trunk,vel_only,3,0.6,False,250
right_half+trunk,vel_only,3,0.7,False,250
right_half+trunk,vel_only,3,0.8,False,250
right_half+trunk,vel_only,3,0.9,False,250
right_half+trunk,vel_only,3,1.0,False,250
right_half+trunk,vel_only,4,0.2,False,250
right_half+trunk,vel_only,4,0.3,False,250
right_half+trunk,vel_only,4,0.4,False,250
right_half+trunk,vel_only,4,0.5,False,250
right_half+trunk,vel_only,4,0.6,False,250
right_half+trunk,vel_only,4,0.7,False,250
right_half+trunk,vel_only,4,0.8,False,250
right_half+trunk,vel_only,4,0.9,False,250
right_half+trunk,vel_only,4,1.0,False,250
right_half+trunk,vel_only,5,0.2,False,250
right_half+trunk,vel_only,5,0.3,False,250
right_half+trunk,vel_only,5,0.4,False,250
right_half+trunk,vel_only,5,0.5,False,250
right_half+trunk,vel_only,5,0.6,False,250
right_half+trunk,vel_only,5,0.7,False,250
right_half+trunk,vel_only,5,0.8,False,250
right_half+trunk,vel_only,5,0.9,False,250
right_half+trunk,vel_only,5,1.0,False,250
right_half+trunk,vel_only,6,0.2,False,250
right_half+trunk,vel_only,6,0.3,False,250
right_half+trunk,vel_only,6,0.4,False,250
right_half+trunk,vel_only,6,0.5,False,250
right_half+trunk,vel_only,6,0.6,False,250
right_half+trunk,vel_only,6,0.7,False,250
right_half+trunk,vel_only,6,0.8,False,250
right_half+trunk,vel_only,6,0.9,False,250
right_half+trunk,vel_only,6,1.0,False,250
right_half+trunk,vel_only,7,0.2,False,250
right_half+trunk,vel_only,7,0.3,False,250
right_half+trunk,vel_only,7,0.4,False,250
right_half+trunk,vel_only,7,0.5,False,250
right_half+trunk,vel_only,7,0.6,False,250
right_half+trunk,vel_only,7,0.7,False,250
right_half+trunk,vel_only,7,0.8,False,250
right_half+trunk,vel_only,7,0.9,False,250
right_half+trunk,vel_only,7,1.0,False,250
right_half+trunk,vel_only,8,0.2,False,250
right_half+trunk,vel_only,8,0.3,False,250
right_half+trunk,vel_only,8,0.4,False,250
right_half+trunk,vel_only,8,0.5,False,250
right_half+trunk,vel_only,8,0.6,False,250
right_half+trunk,vel_only,8,0.7,False,250
right_half+trunk,vel_only,8,0.8,False,250
right_half+trunk,vel_only,8,0.9,False,250
right_half+trunk,vel_only,8,1.0,False,250
left_half+trunk,zero,1,0.2,False,250
left_half+trunk,zero,1,0.3,False,250
left_half+trunk,zero,1,0.4,False,250
left_half+trunk,zero,1,0.5,False,250
left_half+trunk,zero,1,0.6,False,250
left_half+trunk,zero,1,0.7,False,250
left_half+trunk,zero,1,0.8,False,250
left_half+trunk,zero,1,0.9,False,250
left_half+trunk,zero,1,1.0,True,135
left_half+trunk,zero,2,0.2,False,250
left_half+trunk,zero,2,0.3,False,250
left_half+trunk,zero,2,0.4,False,250
left_half+trunk,zero,2,0.5,False,250
left_half+trunk,zero,2,0.6,False,250
left_half+trunk,zero,2,0.7,False,250
left_half+trunk,zero,2,0.8,False,250
left_half+trunk,zero,2,0.9,False,250
left_half+trunk,zero,2,1.0,False,250
left_half+trunk,zero,3,0.2,False,250
left_half+trunk,zero,3,0.3,False,250
left_half+trunk,zero,3,0.4,False,250
left_half+trunk,zero,3,0.5,False,250
left_half+trunk,zero,3,0.6,True,114
left_half+trunk,zero,3,0.7,True,98
left_half+trunk,zero,3,0.8,True,92
left_half+trunk,zero,3,0.9,True,73
left_half+trunk,zero,3,1.0,True,71
left_half+trunk,zero,4,0.2,False,250
left_half+trunk,zero,4,0.3,False,250
left_half+trunk,zero,4,0.4,False,250
left_half+trunk,zero,4,0.5,True,144
left_half+trunk,zero,4,0.6,True,118
left_half+trunk,zero,4,0.7,True,102
left_half+trunk,zero,4,0.8,True,99
left_half+trunk,zero,4,0.9,True,94
left_half+trunk,zero,4,1.0,True,80
left_half+trunk,zero,5,0.2,False,250
left_half+trunk,zero,5,0.3,False,250
left_half+trunk,zero,5,0.4,False,250
left_half+trunk,zero,5,0.5,False,250
left_half+trunk,zero,5,0.6,False,250
left_half+trunk,zero,5,0.7,False,250
left_half+trunk,zero,5,0.8,False,250
left_half+trunk,zero,5,0.9,False,250
left_half+trunk,zero,5,1.0,True,134
left_half+trunk,zero,6,0.2,False,250
left_half+trunk,zero,6,0.3,False,250
left_half+trunk,zero,6,0.4,False,250
left_half+trunk,zero,6,0.5,False,250
left_half+trunk,zero,6,0.6,False,250
left_half+trunk,zero,6,0.7,False,250
left_half+trunk,zero,6,0.8,False,250
left_half+trunk,zero,6,0.9,False,250
left_half+trunk,zero,6,1.0,True,140
left_half+trunk,zero,7,0.2,False,250
left_half+trunk,zero,7,0.3,False,250
left_half+trunk,zero,7,0.4,False,250
left_half+trunk,zero,7,0.5,False,250
left_half+trunk,zero,7,0.6,False,250
left_half+trunk,zero,7,0.7,False,250
left_half+trunk,zero,7,0.8,False,250
left_half+trunk,zero,7,0.9,False,250
left_half+trunk,zero,7,1.0,False,250
left_half+trunk,zero,8,0.2,False,250
left_half+trunk,zero,8,0.3,False,250
left_half+trunk,zero,8,0.4,False,250
left_half+trunk,zero,8,0.5,False,250
left_half+trunk,zero,8,0.6,False,250
left_half+trunk,zero,8,0.7,False,250
left_half+trunk,zero,8,0.8,False,250
left_half+trunk,zero,8,0.9,False,250
left_half+trunk,zero,8,1.0,False,250
left_half+trunk,freeze,1,0.2,False,250
left_half+trunk,freeze,1,0.3,False,250
left_half+trunk,freeze,1,0.4,False,250
left_half+trunk,freeze,1,0.5,False,250
left_half+trunk,freeze,1,0.6,False,250
left_half+trunk,freeze,1,0.7,False,250
left_half+trunk,freeze,1,0.8,False,250
left_half+trunk,freeze,1,0.9,False,250
left_half+trunk,freeze,1,1.0,False,250
left_half+trunk,freeze,2,0.2,False,250
left_half+trunk,freeze,2,0.3,False,250
left_half+trunk,freeze,2,0.4,False,250
left_half+trunk,freeze,2,0.5,False,250
left_half+trunk,freeze,2,0.6,False,250
left_half+trunk,freeze,2,0.7,False,250
left_half+trunk,freeze,2,0.8,False,250
left_half+trunk,freeze,2,0.9,False,250
left_half+trunk,freeze,2,1.0,False,250
left_half+trunk,freeze,3,0.2,False,250
left_half+trunk,freeze,3,0.3,False,250
left_half+trunk,freeze,3,0.4,False,250
left_half+trunk,freeze,3,0.5,False,250
left_half+trunk,freeze,3,0.6,False,250
left_half+trunk,freeze,3,0.7,False,250
left_half+trunk,freeze,3,0.8,False,250
left_half+trunk,freeze,3,0.9,False,250
left_half+trunk,freeze,3,1.0,False,250
left_half+trunk,freeze,4,0.2,False,250
left_half+trunk,freeze,4,0.3,False,250
left_half+trunk,freeze,4,0.4,False,250
left_half+trunk,freeze,4,0.5,False,250
left_half+trunk,freeze,4,0.6,False,250
left_half+trunk,freeze,4,0.7,False,250
left_half+trunk,freeze,4,0.8,False,250
left_half+trunk,freeze,4,0.9,False,250
left_half+trunk,freeze,4,1.0,False,250
left_half+trunk,freeze,5,0.2,False,250
left_half+trunk,freeze,5,0.3,False,250
left_half+trunk,freeze,5,0.4,False,250
left_half+trunk,freeze,5,0.5,False,250
left_half+trunk,freeze,5,0.6,False,250
left_half+trunk,freeze,5,0.7,False,250
left_half+trunk,freeze,5,0.8,False,250
left_half+trunk,freeze,5,0.9,False,250
left_half+trunk,freeze,5,1.0,False,250
left_half+trunk,freeze,6,0.2,False,250
left_half+trunk,freeze,6,0.3,False,250
left_half+trunk,freeze,6,0.4,False,250
left_half+trunk,freeze,6,0.5,False,250
left_half+trunk,freeze,6,0.6,False,250
left_half+trunk,freeze,6,0.7,False,250
left_half+trunk,freeze,6,0.8,False,250
left_half+trunk,freeze,6,0.9,False,250
left_half+trunk,freeze,6,1.0,False,250
left_half+trunk,freeze,7,0.2,False,250
left_half+trunk,freeze,7,0.3,False,250
left_half+trunk,freeze,7,0.4,False,250
left_half+trunk,freeze,7,0.5,False,250
left_half+trunk,freeze,7,0.6,False,250
left_half+trunk,freeze,7,0.7,False,250
left_half+trunk,freeze,7,0.8,False,250
left_half+trunk,freeze,7,0.9,False,250
left_half+trunk,freeze,7,1.0,False,250
left_half+trunk,freeze,8,0.2,False,250
left_half+trunk,freeze,8,0.3,False,250
left_half+trunk,freeze,8,0.4,False,250
left_half+trunk,freeze,8,0.5,False,250
left_half+trunk,freeze,8,0.6,False,250
left_half+trunk,freeze,8,0.7,False,250
left_half+trunk,freeze,8,0.8,False,250
left_half+trunk,freeze,8,0.9,False,250
left_half+trunk,freeze,8,1.0,False,250
left_half+trunk,mean_replace,1,0.2,False,250
left_half+trunk,mean_replace,1,0.3,False,250
left_half+trunk,mean_replace,1,0.4,False,250
left_half+trunk,mean_replace,1,0.5,False,250
left_half+trunk,mean_replace,1,0.6,True,86
left_half+trunk,mean_replace,1,0.7,True,78
left_half+trunk,mean_replace,1,0.8,True,69
left_half+trunk,mean_replace,1,0.9,True,65
left_half+trunk,mean_replace,1,1.0,True,64
left_half+trunk,mean_replace,2,0.2,False,250
left_half+trunk,mean_replace,2,0.3,False,250
left_half+trunk,mean_replace,2,0.4,False,250
left_half+trunk,mean_replace,2,0.5,False,250
left_half+trunk,mean_replace,2,0.6,False,250
left_half+trunk,mean_replace,2,0.7,False,250
left_half+trunk,mean_replace,2,0.8,False,250
left_half+trunk,mean_replace,2,0.9,True,75
left_half+trunk,mean_replace,2,1.0,True,68
left_half+trunk,mean_replace,3,0.2,False,250
left_half+trunk,mean_replace,3,0.3,False,250
left_half+trunk,mean_replace,3,0.4,False,250
left_half+trunk,mean_replace,3,0.5,False,250
left_half+trunk,mean_replace,3,0.6,False,250
left_half+trunk,mean_replace,3,0.7,False,250
left_half+trunk,mean_replace,3,0.8,True,103
left_half+trunk,mean_replace,3,0.9,True,103
left_half+trunk,mean_replace,3,1.0,True,79
left_half+trunk,mean_replace,4,0.2,False,250
left_half+trunk,mean_replace,4,0.3,False,250
left_half+trunk,mean_replace,4,0.4,False,250
left_half+trunk,mean_replace,4,0.5,False,250
left_half+trunk,mean_replace,4,0.6,True,111
left_half+trunk,mean_replace,4,0.7,True,101
left_half+trunk,mean_replace,4,0.8,True,98
left_half+trunk,mean_replace,4,0.9,True,95
left_half+trunk,mean_replace,4,1.0,True,98
left_half+trunk,mean_replace,5,0.2,False,250
left_half+trunk,mean_replace,5,0.3,False,250
left_half+trunk,mean_replace,5,0.4,False,250
left_half+trunk,mean_replace,5,0.5,False,250
left_half+trunk,mean_replace,5,0.6,False,250
left_half+trunk,mean_replace,5,0.7,False,250
left_half+trunk,mean_replace,5,0.8,True,123
left_half+trunk,mean_replace,5,0.9,True,90
left_half+trunk,mean_replace,5,1.0,True,78
left_half+trunk,mean_replace,6,0.2,False,250
left_half+trunk,mean_replace,6,0.3,False,250
left_half+trunk,mean_replace,6,0.4,False,250
left_half+trunk,mean_replace,6,0.5,False,250
left_half+trunk,mean_replace,6,0.6,False,250
left_half+trunk,mean_replace,6,0.7,False,250
left_half+trunk,mean_replace,6,0.8,True,220
left_half+trunk,mean_replace,6,0.9,True,213
left_half+trunk,mean_replace,6,1.0,False,250
left_half+trunk,mean_replace,7,0.2,False,250
left_half+trunk,mean_replace,7,0.3,False,250
left_half+trunk,mean_replace,7,0.4,True,124
left_half+trunk,mean_replace,7,0.5,True,106
left_half+trunk,mean_replace,7,0.6,True,137
left_half+trunk,mean_replace,7,0.7,True,100
left_half+trunk,mean_replace,7,0.8,True,89
left_half+trunk,mean_replace,7,0.9,True,84
left_half+trunk,mean_replace,7,1.0,True,84
left_half+trunk,mean_replace,8,0.2,False,250
left_half+trunk,mean_replace,8,0.3,False,250
left_half+trunk,mean_replace,8,0.4,False,250
left_half+trunk,mean_replace,8,0.5,False,250
left_half+trunk,mean_replace,8,0.6,False,250
left_half+trunk,mean_replace,8,0.7,False,250
left_half+trunk,mean_replace,8,0.8,False,250
left_half+trunk,mean_replace,8,0.9,True,103
left_half+trunk,mean_replace,8,1.0,True,81
left_half+trunk,pos_only,1,0.2,False,250
left_half+trunk,pos_only,1,0.3,False,250
left_half+trunk,pos_only,1,0.4,False,250
left_half+trunk,pos_only,1,0.5,False,250
left_half+trunk,pos_only,1,0.6,False,250
left_half+trunk,pos_only,1,0.7,False,250
left_half+trunk,pos_only,1,0.8,False,250
left_half+trunk,pos_only,1,0.9,False,250
left_half+trunk,pos_only,1,1.0,True,124
left_half+trunk,pos_only,2,0.2,False,250
left_half+trunk,pos_only,2,0.3,False,250
left_half+trunk,pos_only,2,0.4,False,250
left_half+trunk,pos_only,2,0.5,False,250
left_half+trunk,pos_only,2,0.6,False,250
left_half+trunk,pos_only,2,0.7,False,250
left_half+trunk,pos_only,2,0.8,False,250
left_half+trunk,pos_only,2,0.9,False,250
left_half+trunk,pos_only,2,1.0,False,250
left_half+trunk,pos_only,3,0.2,False,250
left_half+trunk,pos_only,3,0.3,False,250
left_half+trunk,pos_only,3,0.4,False,250
left_half+trunk,pos_only,3,0.5,False,250
left_half+trunk,pos_only,3,0.6,False,250
left_half+trunk,pos_only,3,0.7,False,250
left_half+trunk,pos_only,3,0.8,False,250
left_half+trunk,pos_only,3,0.9,False,250
left_half+trunk,pos_only,3,1.0,False,250
left_half+trunk,pos_only,4,0.2,False,250
left_half+trunk,pos_only,4,0.3,False,250
left_half+trunk,pos_only,4,0.4,False,250
left_half+trunk,pos_only,4,0.5,False,250
left_half+trunk,pos_only,4,0.6,False,250
left_half+trunk,pos_only,4,0.7,False,250
left_half+trunk,pos_only,4,0.8,False,250
left_half+trunk,pos_only,4,0.9,False,250
left_half+trunk,pos_only,4,1.0,True,155
left_half+trunk,pos_only,5,0.2,False,250
left_half+trunk,pos_only,5,0.3,False,250
left_half+trunk,pos_only,5,0.4,False,250
left_half+trunk,pos_only,5,0.5,False,250
left_half+trunk,pos_only,5,0.6,False,250
left_half+trunk,pos_only,5,0.7,False,250
left_half+trunk,pos_only,5,0.8,False,250
left_half+trunk,pos_only,5,0.9,False,250
left_half+trunk,pos_only,5,1.0,False,250
left_half+trunk,pos_only,6,0.2,False,250
left_half+trunk,pos_only,6,0.3,False,250
left_half+trunk,pos_only,6,0.4,False,250
left_half+trunk,pos_only,6,0.5,False,250
left_half+trunk,pos_only,6,0.6,False,250
left_half+trunk,pos_only,6,0.7,False,250
left_half+trunk,pos_only,6,0.8,False,250
left_half+trunk,pos_only,6,0.9,False,250
left_half+trunk,pos_only,6,1.0,False,250
left_half+trunk,pos_only,7,0.2,False,250
left_half+trunk,pos_only,7,0.3,False,250
left_half+trunk,pos_only,7,0.4,False,250
left_half+trunk,pos_only,7,0.5,False,250
left_half+trunk,pos_only,7,0.6,False,250
left_half+trunk,pos_only,7,0.7,False,250
left_half+trunk,pos_only,7,0.8,False,250
left_half+trunk,pos_only,7,0.9,False,250
left_half+trunk,pos_only,7,1.0,True,149
left_half+trunk,pos_only,8,0.2,False,250
left_half+trunk,pos_only,8,0.3,False,250
left_half+trunk,pos_only,8,0.4,False,250
left_half+trunk,pos_only,8,0.5,False,250
left_half+trunk,pos_only,8,0.6,False,250
left_half+trunk,pos_only,8,0.7,False,250
left_half+trunk,pos_only,8,0.8,False,250
left_half+trunk,pos_only,8,0.9,False,250
left_half+trunk,pos_only,8,1.0,False,250
left_half+trunk,vel_only,1,0.2,False,250
left_half+trunk,vel_only,1,0.3,False,250
left_half+trunk,vel_only,1,0.4,False,250
left_half+trunk,vel_only,1,0.5,False,250
left_half+trunk,vel_only,1,0.6,False,250
left_half+trunk,vel_only,1,0.7,False,250
left_half+trunk,vel_only,1,0.8,False,250
left_half+trunk,vel_only,1,0.9,False,250
left_half+trunk,vel_only,1,1.0,False,250
left_half+trunk,vel_only,2,0.2,False,250
left_half+trunk,vel_only,2,0.3,False,250
left_half+trunk,vel_only,2,0.4,False,250
left_half+trunk,vel_only,2,0.5,False,250
left_half+trunk,vel_only,2,0.6,False,250
left_half+trunk,vel_only,2,0.7,False,250
left_half+trunk,vel_only,2,0.8,False,250
left_half+trunk,vel_only,2,0.9,False,250
left_half+trunk,vel_only,2,1.0,False,250
left_half+trunk,vel_only,3,0.2,False,250
left_half+trunk,vel_only,3,0.3,False,250
left_half+trunk,vel_only,3,0.4,False,250
left_half+trunk,vel_only,3,0.5,False,250
left_half+trunk,vel_only,3,0.6,False,250
left_half+trunk,vel_only,3,0.7,False,250
left_half+trunk,vel_only,3,0.8,False,250
left_half+trunk,vel_only,3,0.9,False,250
left_half+trunk,vel_only,3,1.0,False,250
left_half+trunk,vel_only,4,0.2,False,250
left_half+trunk,vel_only,4,0.3,False,250
left_half+trunk,vel_only,4,0.4,False,250
left_half+trunk,vel_only,4,0.5,False,250
left_half+trunk,vel_only,4,0.6,False,250
left_half+trunk,vel_only,4,0.7,False,250
left_half+trunk,vel_only,4,0.8,False,250
left_half+trunk,vel_only,4,0.9,False,250
left_half+trunk,vel_only,4,1.0,False,250
left_half+trunk,vel_only,5,0.2,False,250
left_half+trunk,vel_only,5,0.3,False,250
left_half+trunk,vel_only,5,0.4,False,250
left_half+trunk,vel_only,5,0.5,False,250
left_half+trunk,vel_only,5,0.6,False,250
left_half+trunk,vel_only,5,0.7,False,250
left_half+trunk,vel_only,5,0.8,False,250
left_half+trunk,vel_only,5,0.9,False,250
left_half+trunk,vel_only,5,1.0,False,250
left_half+trunk,vel_only,6,0.2,False,250
left_half+trunk,vel_only,6,0.3,False,250
left_half+trunk,vel_only,6,0.4,False,250
left_half+trunk,vel_only,6,0.5,False,250
left_half+trunk,vel_only,6,0.6,False,250
left_half+trunk,vel_only,6,0.7,False,250
left_half+trunk,vel_only,6,0.8,False,250
left_half+trunk,vel_only,6,0.9,False,250
left_half+trunk,vel_only,6,1.0,False,250
left_half+trunk,vel_only,7,0.2,False,250
left_half+trunk,vel_only,7,0.3,False,250
left_half+trunk,vel_only,7,0.4,False,250
left_half+trunk,vel_only,7,0.5,False,250
left_half+trunk,vel_only,7,0.6,False,250
left_half+trunk,vel_only,7,0.7,False,250
left_half+trunk,vel_only,7,0.8,False,250
left_half+trunk,vel_only,7,0.9,False,250
left_half+trunk,vel_only,7,1.0,False,250
left_half+trunk,vel_only,8,0.2,False,250
left_half+trunk,vel_only,8,0.3,False,250
left_half+trunk,vel_only,8,0.4,False,250
left_half+trunk,vel_only,8,0.5,False,250
left_half+trunk,vel_only,8,0.6,False,250
left_half+trunk,vel_only,8,0.7,False,250
left_half+trunk,vel_only,8,0.8,False,250
left_half+trunk,vel_only,8,0.9,False,250
left_half+trunk,vel_only,8,1.0,False,250
