subset_id,joint_indices,seed,speed,fell
0,0;1;2;3;4;7;8;13;16;17;20;23;25;26;27;28,1,0.2,0
0,0;1;2;3;4;7;8;13;16;17;20;23;25;26;27;28,1,0.3,0
0,0;1;2;3;4;7;8;13;16;17;20;23;25;26;27;28,1,0.4,0
0,0;1;2;3;4;7;8;13;16;17;20;23;25;26;27;28,1,0.5,0
0,0;1;2;3;4;7;8;13;16;17;20;23;25;26;27;28,1,0.6,0
0,0;1;2;3;4;7;8;13;16;17;20;23;25;26;27;28,1,0.7,0
0,0;1;2;3;4;7;8;13;16;17;20;23;25;26;27;28,1,0.8,0
0,0;1;2;3;4;7;8;13;16;17;20;23;25;26;27;28,1,0.9,0
0,0;1;2;3;4;7;8;13;16;17;20;23;25;26;27;28,1,1.0,1
0,0;1;2;3;4;7;8;13;16;17;20;23;25;26;27;28,2,0.2,0
0,0;1;2;3;4;7;8;13;16;17;20;23;25;26;27;28,2,0.3,0
0,0;1;2;3;4;7;8;13;16;17;20;23;25;26;27;28,2,0.4,0
0,0;1;2;3;4;7;8;13;16;17;20;23;25;26;27;28,2,0.5,0
0,0;1;2;3;4;7;8;13;16;17;20;23;25;26;27;28,2,0.6,0
0,0;1;2;3;4;7;8;13;16;17;20;23;25;26;27;28,2,0.7,0
0,0;1;2;3;4;7;8;13;16;17;20;23;25;26;27;28,2,0.8,0
0,0;1;2;3;4;7;8;13;16;17;20;23;25;26;27;28,2,0.9,0
0,0;1;2;3;4;7;8;13;16;17;20;23;25;26;27;28,2,1.0,0
0,0;1;2;3;4;7;8;13;16;17;20;23;25;26;27;28,3,0.2,0
0,0;1;2;3;4;7;8;13;16;17;20;23;25;26;27;28,3,0.3,0
0,0;1;2;3;4;7;8;13;16;17;20;23;25;26;27;28,3,0.4,0
0,0;1;2;3;4;7;8;13;16;17;20;23;25;26;27;28,3,0.5,0
0,0;1;2;3;4;7;8;13;16;17;20;23;25;26;27;28,3,0.6,0
0,0;1;2;3;4;7;8;13;16;17;20;23;25;26;27;28,3,0.7,0
0,0;1;2;3;4;7;8;13;16;17;20;23;25;26;27;28,3,0.8,0
0,0;1;2;3;4;7;8;13;16;17;20;23;25;26;27;28,3,0.9,1
0,0;1;2;3;4;7;8;13;16;17;20;23;25;26;27;28,3,1.0,1
0,0;1;2;3;4;7;8;13;16;17;20;23;25;26;27;28,4,0.2,0
0,0;1;2;3;4;7;8;13;16;17;20;23;25;26;27;28,4,0.3,0
0,0;1;2;3;4;7;8;13;16;17;20;23;25;26;27;28,4,0.4,0
0,0;1;2;3;4;7;8;13;16;17;20;23;25;26;27;28,4,0.5,0
0,0;1;2;3;4;7;8;13;16;17;20;23;25;26;27;28,4,0.6,0
0,0;1;2;3;4;7;8;13;16;17;20;23;25;26;27;28,4,0.7,0
0,0;1;2;3;4;7;8;13;16;17;20;23;25;26;27;28,4,0.8,0
0,0;1;2;3;4;7;8;13;16;17;20;23;25;26;27;28,4,0.9,0
0,0;1;2;3;4;7;8;13;16;17;20;23;25;26;27;28,4,1.0,0
0,0;1;2;3;4;7;8;13;16;17;20;23;25;26;27;28,5,0.2,0
0,0;1;2;3;4;7;8;13;16;17;20;23;25;26;27;28,5,0.3,0
0,0;1;2;3;4;7;8;13;16;17;20;23;25;26;27;28,5,0.4,0
0,0;1;2;3;4;7;8;13;16;17;20;23;25;26;27;28,5,0.5,0
0,0;1;2;3;4;7;8;13;16;17;20;23;25;26;27;28,5,0.6,0
0,0;1;2;3;4;7;8;13;16;17;20;23;25;26;27;28,5,0.7,0
0,0;1;2;3;4;7;8;13;16;17;20;23;25;26;27;28,5,0.8,0
0,0;1;2;3;4;7;8;13;16;17;20;23;25;26;27;28,5,0.9,0
0,0;1;2;3;4;7;8;13;16;17;20;23;25;26;27;28,5,1.0,0
0,0;1;2;3;4;7;8;13;16;17;20;23;25;26;27;28,6,0.2,0
0,0;1;2;3;4;7;8;13;16;17;20;23;25;26;27;28,6,0.3,0
0,0;1;2;3;4;7;8;13;16;17;20;23;25;26;27;28,6,0.4,0
0,0;1;2;3;4;7;8;13;16;17;20;23;25;26;27;28,6,0.5,0
0,0;1;2;3;4;7;8;13;16;17;20;23;25;26;27;28,6,0.6,0
0,0;1;2;3;4;7;8;13;16;17;20;23;25;26;27;28,6,0.7,0
0,0;1;2;3;4;7;8;13;16;17;20;23;25;26;27;28,6,0.8,0
0,0;1;2;3;4;7;8;13;16;17;20;23;25;26;27;28,6,0.9,0
0,0;1;2;3;4;7;8;13;16;17;20;23;25;26;27;28,6,1.0,0
0,0;1;2;3;4;7;8;13;16;17;20;23;25;26;27;28,7,0.2,0
0,0;1;2;3;4;7;8;13;16;17;20;23;25;26;27;28,7,0.3,0
0,0;1;2;3;4;7;8;13;16;17;20;23;25;26;27;28,7,0.4,0
0,0;1;2;3;4;7;8;13;16;17;20;23;25;26;27;28,7,0.5,0
0,0;1;2;3;4;7;8;13;16;17;20;23;25;26;27;28,7,0.6,0
0,0;1;2;3;4;7;8;13;16;17;20;23;25;26;27;28,7,0.7,0
0,0;1;2;3;4;7;8;13;16;17;20;23;25;26;27;28,7,0.8,0
0,0;1;2;3;4;7;8;13;16;17;20;23;25;26;27;28,7,0.9,0
0,0;1;2;3;4;7;8;13;16;17;20;23;25;26;27;28,7,1.0,0
0,0;1;2;3;4;7;8;13;16;17;20;23;25;26;27;28,8,0.2,0
0,0;1;2;3;4;7;8;13;16;17;20;23;25;26;27;28,8,0.3,0
0,0;1;2;3;4;7;8;13;16;17;20;23;25;26;27;28,8,0.4,0
0,0;1;2;3;4;7;8;13;16;17;20;23;25;26;27;28,8,0.5,0
0,0;1;2;3;4;7;8;13;16;17;20;23;25;26;27;28,8,0.6,0
0,0;1;2;3;4;7;8;13;16;17;20;23;25;26;27;28,8,0.7,0
0,0;1;2;3;4;7;8;13;16;17;20;23;25;26;27;28,8,0.8,0
0,0;1;2;3;4;7;8;13;16;17;20;23;25;26;27;28,8,0.9,0
0,0;1;2;3;4;7;8;13;16;17;20;23;25;26;27;28,8,1.0,0
1,0;6;7;8;12;13;14;16;17;19;20;21;22;24;25;28,1,0.2,0
1,0;6;7;8;12;13;14;16;17;19;20;21;22;24;25;28,1,0.3,0
1,0;6;7;8;12;13;14;16;17;19;20;21;22;24;25;28,1,0.4,0
1,0;6;7;8;12;13;14;16;17;19;20;21;22;24;25;28,1,0.5,0
1,0;6;7;8;12;13;14;16;17;19;20;21;22;24;25;28,1,0.6,0
1,0;6;7;8;12;13;14;16;17;19;20;21;22;24;25;28,1,0.7,1
1,0;6;7;8;12;13;14;16;17;19;20;21;22;24;25;28,1,0.8,1
1,0;6;7;8;12;13;14;16;17;19;20;21;22;24;25;28,1,0.9,1
1,0;6;7;8;12;13;14;16;17;19;20;21;22;24;25;28,1,1.0,1
1,0;6;7;8;12;13;14;16;17;19;20;21;22;24;25;28,2,0.2,0
1,0;6;7;8;12;13;14;16;17;19;20;21;22;24;25;28,2,0.3,0
1,0;6;7;8;12;13;14;16;17;19;20;21;22;24;25;28,2,0.4,0
1,0;6;7;8;12;13;14;16;17;19;20;21;22;24;25;28,2,0.5,0
1,0;6;7;8;12;13;14;16;17;19;20;21;22;24;25;28,2,0.6,0
1,0;6;7;8;12;13;14;16;17;19;20;21;22;24;25;28,2,0.7,0
1,0;6;7;8;12;13;14;16;17;19;20;21;22;24;25;28,2,0.8,0
1,0;6;7;8;12;13;14;16;17;19;20;21;22;24;25;28,2,0.9,1
1,0;6;7;8;12;13;14;16;17;19;20;21;22;24;25;28,2,1.0,1
1,0;6;7;8;12;13;14;16;17;19;20;21;22;24;25;28,3,0.2,0
1,0;6;7;8;12;13;14;16;17;19;20;21;22;24;25;28,3,0.3,0
1,0;6;7;8;12;13;14;16;17;19;20;21;22;24;25;28,3,0.4,0
1,0;6;7;8;12;13;14;16;17;19;20;21;22;24;25;28,3,0.5,0
1,0;6;7;8;12;13;14;16;17;19;20;21;22;24;25;28,3,0.6,0
1,0;6;7;8;12;13;14;16;17;19;20;21;22;24;25;28,3,0.7,1
1,0;6;7;8;12;13;14;16;17;19;20;21;22;24;25;28,3,0.8,1
1,0;6;7;8;12;13;14;16;17;19;20;21;22;24;25;28,3,0.9,1
1,0;6;7;8;12;13;14;16;17;19;20;21;22;24;25;28,3,1.0,1
1,0;6;7;8;12;13;14;16;17;19;20;21;22;24;25;28,4,0.2,0
1,0;6;7;8;12;13;14;16;17;19;20;21;22;24;25;28,4,0.3,0
1,0;6;7;8;12;13;14;16;17;19;20;21;22;24;25;28,4,0.4,0
1,0;6;7;8;12;13;14;16;17;19;20;21;22;24;25;28,4,0.5,0
1,0;6;7;8;12;13;14;16;17;19;20;21;22;24;25;28,4,0.6,0
1,0;6;7;8;12;13;14;16;17;19;20;21;22;24;25;28,4,0.7,0
1,0;6;7;8;12;13;14;16;17;19;20;21;22;24;25;28,4,0.8,0
1,0;6;7;8;12;13;14;16;17;19;20;21;22;24;25;28,4,0.9,1
1,0;6;7;8;12;13;14;16;17;19;20;21;22;24;25;28,4,1.0,1
1,0;6;7;8;12;13;14;16;17;19;20;21;22;24;25;28,5,0.2,0
1,0;6;7;8;12;13;14;16;17;19;20;21;22;24;25;28,5,0.3,0
1,0;6;7;8;12;13;14;16;17;19;20;21;22;24;25;28,5,0.4,0
1,0;6;7;8;12;13;14;16;17;19;20;21;22;24;25;28,5,0.5,0
1,0;6;7;8;12;13;14;16;17;19;20;21;22;24;25;28,5,0.6,0
1,0;6;7;8;12;13;14;16;17;19;20;21;22;24;25;28,5,0.7,0
1,0;6;7;8;12;13;14;16;17;19;20;21;22;24;25;28,5,0.8,1
1,0;6;7;8;12;13;14;16;17;19;20;21;22;24;25;28,5,0.9,1
1,0;6;7;8;12;13;14;16;17;19;20;21;22;24;25;28,5,1.0,1
1,0;6;7;8;12;13;14;16;17;19;20;21;22;24;25;28,6,0.2,0
1,0;6;7;8;12;13;14;16;17;19;20;21;22;24;25;28,6,0.3,0
1,0;6;7;8;12;13;14;16;17;19;20;21;22;24;25;28,6,0.4,0
1,0;6;7;8;12;13;14;16;17;19;20;21;22;24;25;28,6,0.5,1
1,0;6;7;8;12;13;14;16;17;19;20;21;22;24;25;28,6,0.6,1
1,0;6;7;8;12;13;14;16;17;19;20;21;22;24;25;28,6,0.7,1
1,0;6;7;8;12;13;14;16;17;19;20;21;22;24;25;28,6,0.8,1
1,0;6;7;8;12;13;14;16;17;19;20;21;22;24;25;28,6,0.9,1
1,0;6;7;8;12;13;14;16;17;19;20;21;22;24;25;28,6,1.0,1
1,0;6;7;8;12;13;14;16;17;19;20;21;22;24;25;28,7,0.2,0
1,0;6;7;8;12;13;14;16;17;19;20;21;22;24;25;28,7,0.3,0
1,0;6;7;8;12;13;14;16;17;19;20;21;22;24;25;28,7,0.4,0
1,0;6;7;8;12;13;14;16;17;19;20;21;22;24;25;28,7,0.5,0
1,0;6;7;8;12;13;14;16;17;19;20;21;22;24;25;28,7,0.6,0
1,0;6;7;8;12;13;14;16;17;19;20;21;22;24;25;28,7,0.7,1
1,0;6;7;8;12;13;14;16;17;19;20;21;22;24;25;28,7,0.8,1
1,0;6;7;8;12;13;14;16;17;19;20;21;22;24;25;28,7,0.9,1
1,0;6;7;8;12;13;14;16;17;19;20;21;22;24;25;28,7,1.0,1
1,0;6;7;8;12;13;14;16;17;19;20;21;22;24;25;28,8,0.2,0
1,0;6;7;8;12;13;14;16;17;19;20;21;22;24;25;28,8,0.3,0
1,0;6;7;8;12;13;14;16;17;19;20;21;22;24;25;28,8,0.4,0
1,0;6;7;8;12;13;14;16;17;19;20;21;22;24;25;28,8,0.5,0
1,0;6;7;8;12;13;14;16;17;19;20;21;22;24;25;28,8,0.6,0
1,0;6;7;8;12;13;14;16;17;19;20;21;22;24;25;28,8,0.7,1
1,0;6;7;8;12;13;14;16;17;19;20;21;22;24;25;28,8,0.8,1
1,0;6;7;8;12;13;14;16;17;19;20;21;22;24;25;28,8,0.9,1
1,0;6;7;8;12;13;14;16;17;19;20;21;22;24;25;28,8,1.0,1
2,2;3;4;5;6;8;9;10;11;12;13;16;20;22;23;25,1,0.2,0
2,2;3;4;5;6;8;9;10;11;12;13;16;20;22;23;25,1,0.3,1
2,2;3;4;5;6;8;9;10;11;12;13;16;20;22;23;25,1,0.4,1
2,2;3;4;5;6;8;9;10;11;12;13;16;20;22;23;25,1,0.5,1
2,2;3;4;5;6;8;9;10;11;12;13;16;20;22;23;25,1,0.6,1
2,2;3;4;5;6;8;9;10;11;12;13;16;20;22;23;25,1,0.7,1
2,2;3;4;5;6;8;9;10;11;12;13;16;20;22;23;25,1,0.8,1
2,2;3;4;5;6;8;9;10;11;12;13;16;20;22;23;25,1,0.9,1
2,2;3;4;5;6;8;9;10;11;12;13;16;20;22;23;25,1,1.0,1
2,2;3;4;5;6;8;9;10;11;12;13;16;20;22;23;25,2,0.2,0
2,2;3;4;5;6;8;9;10;11;12;13;16;20;22;23;25,2,0.3,0
2,2;3;4;5;6;8;9;10;11;12;13;16;20;22;23;25,2,0.4,0
2,2;3;4;5;6;8;9;10;11;12;13;16;20;22;23;25,2,0.5,0
2,2;3;4;5;6;8;9;10;11;12;13;16;20;22;23;25,2,0.6,0
2,2;3;4;5;6;8;9;10;11;12;13;16;20;22;23;25,2,0.7,0
2,2;3;4;5;6;8;9;10;11;12;13;16;20;22;23;25,2,0.8,1
2,2;3;4;5;6;8;9;10;11;12;13;16;20;22;23;25,2,0.9,1
2,2;3;4;5;6;8;9;10;11;12;13;16;20;22;23;25,2,1.0,1
2,2;3;4;5;6;8;9;10;11;12;13;16;20;22;23;25,3,0.2,0
2,2;3;4;5;6;8;9;10;11;12;13;16;20;22;23;25,3,0.3,0
2,2;3;4;5;6;8;9;10;11;12;13;16;20;22;23;25,3,0.4,0
2,2;3;4;5;6;8;9;10;11;12;13;16;20;22;23;25,3,0.5,0
2,2;3;4;5;6;8;9;10;11;12;13;16;20;22;23;25,3,0.6,0
2,2;3;4;5;6;8;9;10;11;12;13;16;20;22;23;25,3,0.7,1
2,2;3;4;5;6;8;9;10;11;12;13;16;20;22;23;25,3,0.8,1
2,2;3;4;5;6;8;9;10;11;12;13;16;20;22;23;25,3,0.9,1
2,2;3;4;5;6;8;9;10;11;12;13;16;20;22;23;25,3,1.0,1
2,2;3;4;5;6;8;9;10;11;12;13;16;20;22;23;25,4,0.2,0
2,2;3;4;5;6;8;9;10;11;12;13;16;20;22;23;25,4,0.3,0
2,2;3;4;5;6;8;9;10;11;12;13;16;20;22;23;25,4,0.4,0
2,2;3;4;5;6;8;9;10;11;12;13;16;20;22;23;25,4,0.5,0
2,2;3;4;5;6;8;9;10;11;12;13;16;20;22;23;25,4,0.6,0
2,2;3;4;5;6;8;9;10;11;12;13;16;20;22;23;25,4,0.7,0
2,2;3;4;5;6;8;9;10;11;12;13;16;20;22;23;25,4,0.8,1
2,2;3;4;5;6;8;9;10;11;12;13;16;20;22;23;25,4,0.9,1
2,2;3;4;5;6;8;9;10;11;12;13;16;20;22;23;25,4,1.0,1
2,2;3;4;5;6;8;9;10;11;12;13;16;20;22;23;25,5,0.2,0
2,2;3;4;5;6;8;9;10;11;12;13;16;20;22;23;25,5,0.3,1
2,2;3;4;5;6;8;9;10;11;12;13;16;20;22;23;25,5,0.4,1
2,2;3;4;5;6;8;9;10;11;12;13;16;20;22;23;25,5,0.5,1
2,2;3;4;5;6;8;9;10;11;12;13;16;20;22;23;25,5,0.6,1
2,2;3;4;5;6;8;9;10;11;12;13;16;20;22;23;25,5,0.7,1
2,2;3;4;5;6;8;9;10;11;12;13;16;20;22;23;25,5,0.8,1
2,2;3;4;5;6;8;9;10;11;12;13;16;20;22;23;25,5,0.9,1
2,2;3;4;5;6;8;9;10;11;12;13;16;20;22;23;25,5,1.0,1
2,2;3;4;5;6;8;9;10;11;12;13;16;20;22;23;25,6,0.2,0
2,2;3;4;5;6;8;9;10;11;12;13;16;20;22;23;25,6,0.3,0
2,2;3;4;5;6;8;9;10;11;12;13;16;20;22;23;25,6,0.4,0
2,2;3;4;5;6;8;9;10;11;12;13;16;20;22;23;25,6,0.5,0
2,2;3;4;5;6;8;9;10;11;12;13;16;20;22;23;25,6,0.6,0
2,2;3;4;5;6;8;9;10;11;12;13;16;20;22;23;25,6,0.7,1
2,2;3;4;5;6;8;9;10;11;12;13;16;20;22;23;25,6,0.8,1
2,2;3;4;5;6;8;9;10;11;12;13;16;20;22;23;25,6,0.9,1
2,2;3;4;5;6;8;9;10;11;12;13;16;20;22;23;25,6,1.0,1
2,2;3;4;5;6;8;9;10;11;12;13;16;20;22;23;25,7,0.2,0
2,2;3;4;5;6;8;9;10;11;12;13;16;20;22;23;25,7,0.3,0
2,2;3;4;5;6;8;9;10;11;12;13;16;20;22;23;25,7,0.4,0
2,2;3;4;5;6;8;9;10;11;12;13;16;20;22;23;25,7,0.5,1
2,2;3;4;5;6;8;9;10;11;12;13;16;20;22;23;25,7,0.6,1
2,2;3;4;5;6;8;9;10;11;12;13;16;20;22;23;25,7,0.7,1
2,2;3;4;5;6;8;9;10;11;12;13;16;20;22;23;25,7,0.8,1
2,2;3;4;5;6;8;9;10;11;12;13;16;20;22;23;25,7,0.9,1
2,2;3;4;5;6;8;9;10;11;12;13;16;20;22;23;25,7,1.0,1
2,2;3;4;5;6;8;9;10;11;12;13;16;20;22;23;25,8,0.2,0
2,2;3;4;5;6;8;9;10;11;12;13;16;20;22;23;25,8,0.3,1
2,2;3;4;5;6;8;9;10;11;12;13;16;20;22;23;25,8,0.4,1
2,2;3;4;5;6;8;9;10;11;12;13;16;20;22;23;25,8,0.5,1
2,2;3;4;5;6;8;9;10;11;12;13;16;20;22;23;25,8,0.6,1
2,2;3;4;5;6;8;9;10;11;12;13;16;20;22;23;25,8,0.7,1
2,2;3;4;5;6;8;9;10;11;12;13;16;20;22;23;25,8,0.8,1
2,2;3;4;5;6;8;9;10;11;12;13;16;20;22;23;25,8,0.9,1
2,2;3;4;5;6;8;9;10;11;12;13;16;20;22;23;25,8,1.0,1
3,1;2;3;6;9;10;11;12;14;17;21;23;24;25;26;27,1,0.2,0
3,1;2;3;6;9;10;11;12;14;17;21;23;24;25;26;27,1,0.3,0
3,1;2;3;6;9;10;11;12;14;17;21;23;24;25;26;27,1,0.4,1
3,1;2;3;6;9;10;11;12;14;17;21;23;24;25;26;27,1,0.5,1
3,1;2;3;6;9;10;11;12;14;17;21;23;24;25;26;27,1,0.6,1
3,1;2;3;6;9;10;11;12;14;17;21;23;24;25;26;27,1,0.7,1
3,1;2;3;6;9;10;11;12;14;17;21;23;24;25;26;27,1,0.8,1
3,1;2;3;6;9;10;11;12;14;17;21;23;24;25;26;27,1,0.9,1
3,1;2;3;6;9;10;11;12;14;17;21;23;24;25;26;27,1,1.0,1
3,1;2;3;6;9;10;11;12;14;17;21;23;24;25;26;27,2,0.2,0
3,1;2;3;6;9;10;11;12;14;17;21;23;24;25;26;27,2,0.3,1
3,1;2;3;6;9;10;11;12;14;17;21;23;24;25;26;27,2,0.4,1
3,1;2;3;6;9;10;11;12;14;17;21;23;24;25;26;27,2,0.5,1
3,1;2;3;6;9;10;11;12;14;17;21;23;24;25;26;27,2,0.6,1
3,1;2;3;6;9;10;11;12;14;17;21;23;24;25;26;27,2,0.7,1
3,1;2;3;6;9;10;11;12;14;17;21;23;24;25;26;27,2,0.8,1
3,1;2;3;6;9;10;11;12;14;17;21;23;24;25;26;27,2,0.9,1
3,1;2;3;6;9;10;11;12;14;17;21;23;24;25;26;27,2,1.0,1
3,1;2;3;6;9;10;11;12;14;17;21;23;24;25;26;27,3,0.2,0
3,1;2;3;6;9;10;11;12;14;17;21;23;24;25;26;27,3,0.3,1
3,1;2;3;6;9;10;11;12;14;17;21;23;24;25;26;27,3,0.4,1
3,1;2;3;6;9;10;11;12;14;17;21;23;24;25;26;27,3,0.5,1
3,1;2;3;6;9;10;11;12;14;17;21;23;24;25;26;27,3,0.6,1
3,1;2;3;6;9;10;11;12;14;17;21;23;24;25;26;27,3,0.7,1
3,1;2;3;6;9;10;11;12;14;17;21;23;24;25;26;27,3,0.8,1
3,1;2;3;6;9;10;11;12;14;17;21;23;24;25;26;27,3,0.9,1
3,1;2;3;6;9;10;11;12;14;17;21;23;24;25;26;27,3,1.0,1
3,1;2;3;6;9;10;11;12;14;17;21;23;24;25;26;27,4,0.2,1
3,1;2;3;6;9;10;11;12;14;17;21;23;24;25;26;27,4,0.3,1
3,1;2;3;6;9;10;11;12;14;17;21;23;24;25;26;27,4,0.4,1
3,1;2;3;6;9;10;11;12;14;17;21;23;24;25;26;27,4,0.5,1
3,1;2;3;6;9;10;11;12;14;17;21;23;24;25;26;27,4,0.6,1
3,1;2;3;6;9;10;11;12;14;17;21;23;24;25;26;27,4,0.7,1
3,1;2;3;6;9;10;11;12;14;17;21;23;24;25;26;27,4,0.8,1
3,1;2;3;6;9;10;11;12;14;17;21;23;24;25;26;27,4,0.9,1
3,1;2;3;6;9;10;11;12;14;17;21;23;24;25;26;27,4,1.0,1
3,1;2;3;6;9;10;11;12;14;17;21;23;24;25;26;27,5,0.2,0
3,1;2;3;6;9;10;11;12;14;17;21;23;24;25;26;27,5,0.3,1
3,1;2;3;6;9;10;11;12;14;17;21;23;24;25;26;27,5,0.4,1
3,1;2;3;6;9;10;11;12;14;17;21;23;24;25;26;27,5,0.5,1
3,1;2;3;6;9;10;11;12;14;17;21;23;24;25;26;27,5,0.6,1
3,1;2;3;6;9;10;11;12;14;17;21;23;24;25;26;27,5,0.7,1
3,1;2;3;6;9;10;11;12;14;17;21;23;24;25;26;27,5,0.8,1
3,1;2;3;6;9;10;11;12;14;17;21;23;24;25;26;27,5,0.9,1
3,1;2;3;6;9;10;11;12;14;17;21;23;24;25;26;27,5,1.0,1
3,1;2;3;6;9;10;11;12;14;17;21;23;24;25;26;27,6,0.2,1
3,1;2;3;6;9;10;11;12;14;17;21;23;24;25;26;27,6,0.3,1
3,1;2;3;6;9;10;11;12;14;17;21;23;24;25;26;27,6,0.4,1
3,1;2;3;6;9;10;11;12;14;17;21;23;24;25;26;27,6,0.5,1
3,1;2;3;6;9;10;11;12;14;17;21;23;24;25;26;27,6,0.6,1
3,1;2;3;6;9;10;11;12;14;17;21;23;24;25;26;27,6,0.7,1
3,1;2;3;6;9;10;11;12;14;17;21;23;24;25;26;27,6,0.8,1
3,1;2;3;6;9;10;11;12;14;17;21;23;24;25;26;27,6,0.9,1
3,1;2;3;6;9;10;11;12;14;17;21;23;24;25;26;27,6,1.0,1
3,1;2;3;6;9;10;11;12;14;17;21;23;24;25;26;27,7,0.2,1
3,1;2;3;6;9;10;11;12;14;17;21;23;24;25;26;27,7,0.3,1
3,1;2;3;6;9;10;11;12;14;17;21;23;24;25;26;27,7,0.4,1
3,1;2;3;6;9;10;11;12;14;17;21;23;24;25;26;27,7,0.5,1
3,1;2;3;6;9;10;11;12;14;17;21;23;24;25;26;27,7,0.6,1
3,1;2;3;6;9;10;11;12;14;17;21;23;24;25;26;27,7,0.7,1
3,1;2;3;6;9;10;11;12;14;17;21;23;24;25;26;27,7,0.8,1
3,1;2;3;6;9;10;11;12;14;17;21;23;24;25;26;27,7,0.9,1
3,1;2;3;6;9;10;11;12;14;17;21;23;24;25;26;27,7,1.0,1
3,1;2;3;6;9;10;11;12;14;17;21;23;24;25;26;27,8,0.2,1
3,1;2;3;6;9;10;11;12;14;17;21;23;24;25;26;27,8,0.3,1
3,1;2;3;6;9;10;11;12;14;17;21;23;24;25;26;27,8,0.4,1
3,1;2;3;6;9;10;11;12;14;17;21;23;24;25;26;27,8,0.5,1
3,1;2;3;6;9;10;11;12;14;17;21;23;24;25;26;27,8,0.6,1
3,1;2;3;6;9;10;11;12;14;17;21;23;24;25;26;27,8,0.7,1
3,1;2;3;6;9;10;11;12;14;17;21;23;24;25;26;27,8,0.8,1
3,1;2;3;6;9;10;11;12;14;17;21;23;24;25;26;27,8,0.9,1
3,1;2;3;6;9;10;11;12;14;17;21;23;24;25;26;27,8,1.0,1
4,2;3;4;5;6;7;8;9;10;11;12;14;17;19;20;24,1,0.2,1
4,2;3;4;5;6;7;8;9;10;11;12;14;17;19;20;24,1,0.3,1
4,2;3;4;5;6;7;8;9;10;11;12;14;17;19;20;24,1,0.4,1
4,2;3;4;5;6;7;8;9;10;11;12;14;17;19;20;24,1,0.5,1
4,2;3;4;5;6;7;8;9;10;11;12;14;17;19;20;24,1,0.6,1
4,2;3;4;5;6;7;8;9;10;11;12;14;17;19;20;24,1,0.7,1
4,2;3;4;5;6;7;8;9;10;11;12;14;17;19;20;24,1,0.8,1
4,2;3;4;5;6;7;8;9;10;11;12;14;17;19;20;24,1,0.9,1
4,2;3;4;5;6;7;8;9;10;11;12;14;17;19;20;24,1,1.0,1
4,2;3;4;5;6;7;8;9;10;11;12;14;17;19;20;24,2,0.2,0
4,2;3;4;5;6;7;8;9;10;11;12;14;17;19;20;24,2,0.3,0
4,2;3;4;5;6;7;8;9;10;11;12;14;17;19;20;24,2,0.4,0
4,2;3;4;5;6;7;8;9;10;11;12;14;17;19;20;24,2,0.5,0
4,2;3;4;5;6;7;8;9;10;11;12;14;17;19;20;24,2,0.6,1
4,2;3;4;5;6;7;8;9;10;11;12;14;17;19;20;24,2,0.7,1
4,2;3;4;5;6;7;8;9;10;11;12;14;17;19;20;24,2,0.8,1
4,2;3;4;5;6;7;8;9;10;11;12;14;17;19;20;24,2,0.9,1
4,2;3;4;5;6;7;8;9;10;11;12;14;17;19;20;24,2,1.0,1
4,2;3;4;5;6;7;8;9;10;11;12;14;17;19;20;24,3,0.2,0
4,2;3;4;5;6;7;8;9;10;11;12;14;17;19;20;24,3,0.3,0
4,2;3;4;5;6;7;8;9;10;11;12;14;17;19;20;24,3,0.4,1
4,2;3;4;5;6;7;8;9;10;11;12;14;17;19;20;24,3,0.5,1
4,2;3;4;5;6;7;8;9;10;11;12;14;17;19;20;24,3,0.6,1
4,2;3;4;5;6;7;8;9;10;11;12;14;17;19;20;24,3,0.7,1
4,2;3;4;5;6;7;8;9;10;11;12;14;17;19;20;24,3,0.8,1
4,2;3;4;5;6;7;8;9;10;11;12;14;17;19;20;24,3,0.9,1
4,2;3;4;5;6;7;8;9;10;11;12;14;17;19;20;24,3,1.0,1
4,2;3;4;5;6;7;8;9;10;11;12;14;17;19;20;24,4,0.2,1
4,2;3;4;5;6;7;8;9;10;11;12;14;17;19;20;24,4,0.3,1
4,2;3;4;5;6;7;8;9;10;11;12;14;17;19;20;24,4,0.4,1
4,2;3;4;5;6;7;8;9;10;11;12;14;17;19;20;24,4,0.5,1
4,2;3;4;5;6;7;8;9;10;11;12;14;17;19;20;24,4,0.6,1
4,2;3;4;5;6;7;8;9;10;11;12;14;17;19;20;24,4,0.7,1
4,2;3;4;5;6;7;8;9;10;11;12;14;17;19;20;24,4,0.8,1
4,2;3;4;5;6;7;8;9;10;11;12;14;17;19;20;24,4,0.9,1
4,2;3;4;5;6;7;8;9;10;11;12;14;17;19;20;24,4,1.0,1
4,2;3;4;5;6;7;8;9;10;11;12;14;17;19;20;24,5,0.2,1
4,2;3;4;5;6;7;8;9;10;11;12;14;17;19;20;24,5,0.3,1
4,2;3;4;5;6;7;8;9;10;11;12;14;17;19;20;24,5,0.4,1
4,2;3;4;5;6;7;8;9;10;11;12;14;17;19;20;24,5,0.5,1
4,2;3;4;5;6;7;8;9;10;11;12;14;17;19;20;24,5,0.6,1
4,2;3;4;5;6;7;8;9;10;11;12;14;17;19;20;24,5,0.7,1
4,2;3;4;5;6;7;8;9;10;11;12;14;17;19;20;24,5,0.8,1
4,2;3;4;5;6;7;8;9;10;11;12;14;17;19;20;24,5,0.9,1
4,2;3;4;5;6;7;8;9;10;11;12;14;17;19;20;24,5,1.0,1
4,2;3;4;5;6;7;8;9;10;11;12;14;17;19;20;24,6,0.2,0
4,2;3;4;5;6;7;8;9;10;11;12;14;17;19;20;24,6,0.3,1
4,2;3;4;5;6;7;8;9;10;11;12;14;17;19;20;24,6,0.4,1
4,2;3;4;5;6;7;8;9;10;11;12;14;17;19;20;24,6,0.5,1
4,2;3;4;5;6;7;8;9;10;11;12;14;17;19;20;24,6,0.6,1
4,2;3;4;5;6;7;8;9;10;11;12;14;17;19;20;24,6,0.7,1
4,2;3;4;5;6;7;8;9;10;11;12;14;17;19;20;24,6,0.8,1
4,2;3;4;5;6;7;8;9;10;11;12;14;17;19;20;24,6,0.9,1
4,2;3;4;5;6;7;8;9;10;11;12;14;17;19;20;24,6,1.0,1
4,2;3;4;5;6;7;8;9;10;11;12;14;17;19;20;24,7,0.2,0
4,2;3;4;5;6;7;8;9;10;11;12;14;17;19;20;24,7,0.3,0
4,2;3;4;5;6;7;8;9;10;11;12;14;17;19;20;24,7,0.4,1
4,2;3;4;5;6;7;8;9;10;11;12;14;17;19;20;24,7,0.5,1
4,2;3;4;5;6;7;8;9;10;11;12;14;17;19;20;24,7,0.6,1
4,2;3;4;5;6;7;8;9;10;11;12;14;17;19;20;24,7,0.7,1
4,2;3;4;5;6;7;8;9;10;11;12;14;17;19;20;24,7,0.8,1
4,2;3;4;5;6;7;8;9;10;11;12;14;17;19;20;24,7,0.9,1
4,2;3;4;5;6;7;8;9;10;11;12;14;17;19;20;24,7,1.0,1
4,2;3;4;5;6;7;8;9;10;11;12;14;17;19;20;24,8,0.2,1
4,2;3;4;5;6;7;8;9;10;11;12;14;17;19;20;24,8,0.3,1
4,2;3;4;5;6;7;8;9;10;11;12;14;17;19;20;24,8,0.4,1
4,2;3;4;5;6;7;8;9;10;11;12;14;17;19;20;24,8,0.5,1
4,2;3;4;5;6;7;8;9;10;11;12;14;17;19;20;24,8,0.6,1
4,2;3;4;5;6;7;8;9;10;11;12;14;17;19;20;24,8,0.7,1
4,2;3;4;5;6;7;8;9;10;11;12;14;17;19;20;24,8,0.8,1
4,2;3;4;5;6;7;8;9;10;11;12;14;17;19;20;24,8,0.9,1
4,2;3;4;5;6;7;8;9;10;11;12;14;17;19;20;24,8,1.0,1
5,2;5;7;8;10;12;14;17;19;20;21;22;23;24;26;28,1,0.2,0
5,2;5;7;8;10;12;14;17;19;20;21;22;23;24;26;28,1,0.3,0
5,2;5;7;8;10;12;14;17;19;20;21;22;23;24;26;28,1,0.4,0
5,2;5;7;8;10;12;14;17;19;20;21;22;23;24;26;28,1,0.5,0
5,2;5;7;8;10;12;14;17;19;20;21;22;23;24;26;28,1,0.6,0
5,2;5;7;8;10;12;14;17;19;20;21;22;23;24;26;28,1,0.7,0
5,2;5;7;8;10;12;14;17;19;20;21;22;23;24;26;28,1,0.8,0
5,2;5;7;8;10;12;14;17;19;20;21;22;23;24;26;28,1,0.9,0
5,2;5;7;8;10;12;14;17;19;20;21;22;23;24;26;28,1,1.0,0
5,2;5;7;8;10;12;14;17;19;20;21;22;23;24;26;28,2,0.2,0
5,2;5;7;8;10;12;14;17;19;20;21;22;23;24;26;28,2,0.3,0
5,2;5;7;8;10;12;14;17;19;20;21;22;23;24;26;28,2,0.4,0
5,2;5;7;8;10;12;14;17;19;20;21;22;23;24;26;28,2,0.5,0
5,2;5;7;8;10;12;14;17;19;20;21;22;23;24;26;28,2,0.6,0
5,2;5;7;8;10;12;14;17;19;20;21;22;23;24;26;28,2,0.7,0
5,2;5;7;8;10;12;14;17;19;20;21;22;23;24;26;28,2,0.8,0
5,2;5;7;8;10;12;14;17;19;20;21;22;23;24;26;28,2,0.9,0
5,2;5;7;8;10;12;14;17;19;20;21;22;23;24;26;28,2,1.0,0
5,2;5;7;8;10;12;14;17;19;20;21;22;23;24;26;28,3,0.2,0
5,2;5;7;8;10;12;14;17;19;20;21;22;23;24;26;28,3,0.3,0
5,2;5;7;8;10;12;14;17;19;20;21;22;23;24;26;28,3,0.4,0
5,2;5;7;8;10;12;14;17;19;20;21;22;23;24;26;28,3,0.5,0
5,2;5;7;8;10;12;14;17;19;20;21;22;23;24;26;28,3,0.6,0
5,2;5;7;8;10;12;14;17;19;20;21;22;23;24;26;28,3,0.7,0
5,2;5;7;8;10;12;14;17;19;20;21;22;23;24;26;28,3,0.8,0
5,2;5;7;8;10;12;14;17;19;20;21;22;23;24;26;28,3,0.9,0
5,2;5;7;8;10;12;14;17;19;20;21;22;23;24;26;28,3,1.0,0
5,2;5;7;8;10;12;14;17;19;20;21;22;23;24;26;28,4,0.2,0
5,2;5;7;8;10;12;14;17;19;20;21;22;23;24;26;28,4,0.3,0
5,2;5;7;8;10;12;14;17;19;20;21;22;23;24;26;28,4,0.4,0
5,2;5;7;8;10;12;14;17;19;20;21;22;23;24;26;28,4,0.5,0
5,2;5;7;8;10;12;14;17;19;20;21;22;23;24;26;28,4,0.6,0
5,2;5;7;8;10;12;14;17;19;20;21;22;23;24;26;28,4,0.7,0
5,2;5;7;8;10;12;14;17;19;20;21;22;23;24;26;28,4,0.8,0
5,2;5;7;8;10;12;14;17;19;20;21;22;23;24;26;28,4,0.9,0
5,2;5;7;8;10;12;14;17;19;20;21;22;23;24;26;28,4,1.0,0
5,2;5;7;8;10;12;14;17;19;20;21;22;23;24;26;28,5,0.2,0
5,2;5;7;8;10;12;14;17;19;20;21;22;23;24;26;28,5,0.3,0
5,2;5;7;8;10;12;14;17;19;20;21;22;23;24;26;28,5,0.4,0
5,2;5;7;8;10;12;14;17;19;20;21;22;23;24;26;28,5,0.5,0
5,2;5;7;8;10;12;14;17;19;20;21;22;23;24;26;28,5,0.6,0
5,2;5;7;8;10;12;14;17;19;20;21;22;23;24;26;28,5,0.7,0
5,2;5;7;8;10;12;14;17;19;20;21;22;23;24;26;28,5,0.8,0
5,2;5;7;8;10;12;14;17;19;20;21;22;23;24;26;28,5,0.9,0
5,2;5;7;8;10;12;14;17;19;20;21;22;23;24;26;28,5,1.0,0
5,2;5;7;8;10;12;14;17;19;20;21;22;23;24;26;28,6,0.2,0
5,2;5;7;8;10;12;14;17;19;20;21;22;23;24;26;28,6,0.3,0
5,2;5;7;8;10;12;14;17;19;20;21;22;23;24;26;28,6,0.4,0
5,2;5;7;8;10;12;14;17;19;20;21;22;23;24;26;28,6,0.5,0
5,2;5;7;8;10;12;14;17;19;20;21;22;23;24;26;28,6,0.6,0
5,2;5;7;8;10;12;14;17;19;20;21;22;23;24;26;28,6,0.7,0
5,2;5;7;8;10;12;14;17;19;20;21;22;23;24;26;28,6,0.8,0
5,2;5;7;8;10;12;14;17;19;20;21;22;23;24;26;28,6,0.9,0
5,2;5;7;8;10;12;14;17;19;20;21;22;23;24;26;28,6,1.0,0
5,2;5;7;8;10;12;14;17;19;20;21;22;23;24;26;28,7,0.2,0
5,2;5;7;8;10;12;14;17;19;20;21;22;23;24;26;28,7,0.3,0
5,2;5;7;8;10;12;14;17;19;20;21;22;23;24;26;28,7,0.4,0
5,2;5;7;8;10;12;14;17;19;20;21;22;23;24;26;28,7,0.5,0
5,2;5;7;8;10;12;14;17;19;20;21;22;23;24;26;28,7,0.6,0
5,2;5;7;8;10;12;14;17;19;20;21;22;23;24;26;28,7,0.7,0
5,2;5;7;8;10;12;14;17;19;20;21;22;23;24;26;28,7,0.8,0
5,2;5;7;8;10;12;14;17;19;20;21;22;23;24;26;28,7,0.9,0
5,2;5;7;8;10;12;14;17;19;20;21;22;23;24;26;28,7,1.0,0
5,2;5;7;8;10;12;14;17;19;20;21;22;23;24;26;28,8,0.2,0
5,2;5;7;8;10;12;14;17;19;20;21;22;23;24;26;28,8,0.3,0
5,2;5;7;8;10;12;14;17;19;20;21;22;23;24;26;28,8,0.4,0
5,2;5;7;8;10;12;14;17;19;20;21;22;23;24;26;28,8,0.5,0
5,2;5;7;8;10;12;14;17;19;20;21;22;23;24;26;28,8,0.6,0
5,2;5;7;8;10;12;14;17;19;20;21;22;23;24;26;28,8,0.7,0
5,2;5;7;8;10;12;14;17;19;20;21;22;23;24;26;28,8,0.8,0
5,2;5;7;8;10;12;14;17;19;20;21;22;23;24;26;28,8,0.9,0
5,2;5;7;8;10;12;14;17;19;20;21;22;23;24;26;28,8,1.0,0
6,1;2;6;7;8;10;12;15;16;17;18;22;24;25;26;27,1,0.2,0
6,1;2;6;7;8;10;12;15;16;17;18;22;24;25;26;27,1,0.3,0
6,1;2;6;7;8;10;12;15;16;17;18;22;24;25;26;27,1,0.4,0
6,1;2;6;7;8;10;12;15;16;17;18;22;24;25;26;27,1,0.5,0
6,1;2;6;7;8;10;12;15;16;17;18;22;24;25;26;27,1,0.6,0
6,1;2;6;7;8;10;12;15;16;17;18;22;24;25;26;27,1,0.7,0
6,1;2;6;7;8;10;12;15;16;17;18;22;24;25;26;27,1,0.8,0
6,1;2;6;7;8;10;12;15;16;17;18;22;24;25;26;27,1,0.9,0
6,1;2;6;7;8;10;12;15;16;17;18;22;24;25;26;27,1,1.0,0
6,1;2;6;7;8;10;12;15;16;17;18;22;24;25;26;27,2,0.2,0
6,1;2;6;7;8;10;12;15;16;17;18;22;24;25;26;27,2,0.3,0
6,1;2;6;7;8;10;12;15;16;17;18;22;24;25;26;27,2,0.4,0
6,1;2;6;7;8;10;12;15;16;17;18;22;24;25;26;27,2,0.5,0
6,1;2;6;7;8;10;12;15;16;17;18;22;24;25;26;27,2,0.6,0
6,1;2;6;7;8;10;12;15;16;17;18;22;24;25;26;27,2,0.7,0
6,1;2;6;7;8;10;12;15;16;17;18;22;24;25;26;27,2,0.8,0
6,1;2;6;7;8;10;12;15;16;17;18;22;24;25;26;27,2,0.9,0
6,1;2;6;7;8;10;12;15;16;17;18;22;24;25;26;27,2,1.0,0
6,1;2;6;7;8;10;12;15;16;17;18;22;24;25;26;27,3,0.2,0
6,1;2;6;7;8;10;12;15;16;17;18;22;24;25;26;27,3,0.3,0
6,1;2;6;7;8;10;12;15;16;17;18;22;24;25;26;27,3,0.4,0
6,1;2;6;7;8;10;12;15;16;17;18;22;24;25;26;27,3,0.5,0
6,1;2;6;7;8;10;12;15;16;17;18;22;24;25;26;27,3,0.6,0
6,1;2;6;7;8;10;12;15;16;17;18;22;24;25;26;27,3,0.7,0
6,1;2;6;7;8;10;12;15;16;17;18;22;24;25;26;27,3,0.8,0
6,1;2;6;7;8;10;12;15;16;17;18;22;24;25;26;27,3,0.9,0
6,1;2;6;7;8;10;12;15;16;17;18;22;24;25;26;27,3,1.0,0
6,1;2;6;7;8;10;12;15;16;17;18;22;24;25;26;27,4,0.2,0
6,1;2;6;7;8;10;12;15;16;17;18;22;24;25;26;27,4,0.3,0
6,1;2;6;7;8;10;12;15;16;17;18;22;24;25;26;27,4,0.4,0
6,1;2;6;7;8;10;12;15;16;17;18;22;24;25;26;27,4,0.5,0
6,1;2;6;7;8;10;12;15;16;17;18;22;24;25;26;27,4,0.6,0
6,1;2;6;7;8;10;12;15;16;17;18;22;24;25;26;27,4,0.7,0
6,1;2;6;7;8;10;12;15;16;17;18;22;24;25;26;27,4,0.8,0
6,1;2;6;7;8;10;12;15;16;17;18;22;24;25;26;27,4,0.9,0
6,1;2;6;7;8;10;12;15;16;17;18;22;24;25;26;27,4,1.0,0
6,1;2;6;7;8;10;12;15;16;17;18;22;24;25;26;27,5,0.2,0
6,1;2;6;7;8;10;12;15;16;17;18;22;24;25;26;27,5,0.3,0
6,1;2;6;7;8;10;12;15;16;17;18;22;24;25;26;27,5,0.4,0
6,1;2;6;7;8;10;12;15;16;17;18;22;24;25;26;27,5,0.5,0
6,1;2;6;7;8;10;12;15;16;17;18;22;24;25;26;27,5,0.6,0
6,1;2;6;7;8;10;12;15;16;17;18;22;24;25;26;27,5,0.7,0
6,1;2;6;7;8;10;12;15;16;17;18;22;24;25;26;27,5,0.8,0
6,1;2;6;7;8;10;12;15;16;17;18;22;24;25;26;27,5,0.9,0
6,1;2;6;7;8;10;12;15;16;17;18;22;24;25;26;27,5,1.0,1
6,1;2;6;7;8;10;12;15;16;17;18;22;24;25;26;27,6,0.2,0
6,1;2;6;7;8;10;12;15;16;17;18;22;24;25;26;27,6,0.3,0
6,1;2;6;7;8;10;12;15;16;17;18;22;24;25;26;27,6,0.4,0
6,1;2;6;7;8;10;12;15;16;17;18;22;24;25;26;27,6,0.5,0
6,1;2;6;7;8;10;12;15;16;17;18;22;24;25;26;27,6,0.6,0
6,1;2;6;7;8;10;12;15;16;17;18;22;24;25;26;27,6,0.7,0
6,1;2;6;7;8;10;12;15;16;17;18;22;24;25;26;27,6,0.8,0
6,1;2;6;7;8;10;12;15;16;17;18;22;24;25;26;27,6,0.9,0
6,1;2;6;7;8;10;12;15;16;17;18;22;24;25;26;27,6,1.0,0
6,1;2;6;7;8;10;12;15;16;17;18;22;24;25;26;27,7,0.2,0
6,1;2;6;7;8;10;12;15;16;17;18;22;24;25;26;27,7,0.3,0
6,1;2;6;7;8;10;12;15;16;17;18;22;24;25;26;27,7,0.4,0
6,1;2;6;7;8;10;12;15;16;17;18;22;24;25;26;27,7,0.5,0
6,1;2;6;7;8;10;12;15;16;17;18;22;24;25;26;27,7,0.6,0
6,1;2;6;7;8;10;12;15;16;17;18;22;24;25;26;27,7,0.7,0
6,1;2;6;7;8;10;12;15;16;17;18;22;24;25;26;27,7,0.8,0
6,1;2;6;7;8;10;12;15;16;17;18;22;24;25;26;27,7,0.9,0
6,1;2;6;7;8;10;12;15;16;17;18;22;24;25;26;27,7,1.0,0
6,1;2;6;7;8;10;12;15;16;17;18;22;24;25;26;27,8,0.2,0
6,1;2;6;7;8;10;12;15;16;17;18;22;24;25;26;27,8,0.3,0
6,1;2;6;7;8;10;12;15;16;17;18;22;24;25;26;27,8,0.4,0
6,1;2;6;7;8;10;12;15;16;17;18;22;24;25;26;27,8,0.5,0
6,1;2;6;7;8;10;12;15;16;17;18;22;24;25;26;27,8,0.6,0
6,1;2;6;7;8;10;12;15;16;17;18;22;24;25;26;27,8,0.7,0
6,1;2;6;7;8;10;12;15;16;17;18;22;24;25;26;27,8,0.8,0
6,1;2;6;7;8;10;12;15;16;17;18;22;24;25;26;27,8,0.9,0
6,1;2;6;7;8;10;12;15;16;17;18;22;24;25;26;27,8,1.0,0
7,2;4;7;8;11;12;13;14;17;18;20;22;23;24;26;27,1,0.2,0
7,2;4;7;8;11;12;13;14;17;18;20;22;23;24;26;27,1,0.3,0
7,2;4;7;8;11;12;13;14;17;18;20;22;23;24;26;27,1,0.4,0
7,2;4;7;8;11;12;13;14;17;18;20;22;23;24;26;27,1,0.5,0
7,2;4;7;8;11;12;13;14;17;18;20;22;23;24;26;27,1,0.6,0
7,2;4;7;8;11;12;13;14;17;18;20;22;23;24;26;27,1,0.7,0
7,2;4;7;8;11;12;13;14;17;18;20;22;23;24;26;27,1,0.8,0
7,2;4;7;8;11;12;13;14;17;18;20;22;23;24;26;27,1,0.9,0
7,2;4;7;8;11;12;13;14;17;18;20;22;23;24;26;27,1,1.0,0
7,2;4;7;8;11;12;13;14;17;18;20;22;23;24;26;27,2,0.2,0
7,2;4;7;8;11;12;13;14;17;18;20;22;23;24;26;27,2,0.3,0
7,2;4;7;8;11;12;13;14;17;18;20;22;23;24;26;27,2,0.4,0
7,2;4;7;8;11;12;13;14;17;18;20;22;23;24;26;27,2,0.5,0
7,2;4;7;8;11;12;13;14;17;18;20;22;23;24;26;27,2,0.6,0
7,2;4;7;8;11;12;13;14;17;18;20;22;23;24;26;27,2,0.7,0
7,2;4;7;8;11;12;13;14;17;18;20;22;23;24;26;27,2,0.8,0
7,2;4;7;8;11;12;13;14;17;18;20;22;23;24;26;27,2,0.9,0
7,2;4;7;8;11;12;13;14;17;18;20;22;23;24;26;27,2,1.0,0
7,2;4;7;8;11;12;13;14;17;18;20;22;23;24;26;27,3,0.2,0
7,2;4;7;8;11;12;13;14;17;18;20;22;23;24;26;27,3,0.3,0
7,2;4;7;8;11;12;13;14;17;18;20;22;23;24;26;27,3,0.4,0
7,2;4;7;8;11;12;13;14;17;18;20;22;23;24;26;27,3,0.5,0
7,2;4;7;8;11;12;13;14;17;18;20;22;23;24;26;27,3,0.6,0
7,2;4;7;8;11;12;13;14;17;18;20;22;23;24;26;27,3,0.7,0
7,2;4;7;8;11;12;13;14;17;18;20;22;23;24;26;27,3,0.8,0
7,2;4;7;8;11;12;13;14;17;18;20;22;23;24;26;27,3,0.9,0
7,2;4;7;8;11;12;13;14;17;18;20;22;23;24;26;27,3,1.0,0
7,2;4;7;8;11;12;13;14;17;18;20;22;23;24;26;27,4,0.2,0
7,2;4;7;8;11;12;13;14;17;18;20;22;23;24;26;27,4,0.3,0
7,2;4;7;8;11;12;13;14;17;18;20;22;23;24;26;27,4,0.4,0
7,2;4;7;8;11;12;13;14;17;18;20;22;23;24;26;27,4,0.5,0
7,2;4;7;8;11;12;13;14;17;18;20;22;23;24;26;27,4,0.6,0
7,2;4;7;8;11;12;13;14;17;18;20;22;23;24;26;27,4,0.7,0
7,2;4;7;8;11;12;13;14;17;18;20;22;23;24;26;27,4,0.8,0
7,2;4;7;8;11;12;13;14;17;18;20;22;23;24;26;27,4,0.9,0
7,2;4;7;8;11;12;13;14;17;18;20;22;23;24;26;27,4,1.0,0
7,2;4;7;8;11;12;13;14;17;18;20;22;23;24;26;27,5,0.2,0
7,2;4;7;8;11;12;13;14;17;18;20;22;23;24;26;27,5,0.3,0
7,2;4;7;8;11;12;13;14;17;18;20;22;23;24;26;27,5,0.4,0
7,2;4;7;8;11;12;13;14;17;18;20;22;23;24;26;27,5,0.5,0
7,2;4;7;8;11;12;13;14;17;18;20;22;23;24;26;27,5,0.6,0
7,2;4;7;8;11;12;13;14;17;18;20;22;23;24;26;27,5,0.7,0
7,2;4;7;8;11;12;13;14;17;18;20;22;23;24;26;27,5,0.8,0
7,2;4;7;8;11;12;13;14;17;18;20;22;23;24;26;27,5,0.9,0
7,2;4;7;8;11;12;13;14;17;18;20;22;23;24;26;27,5,1.0,0
7,2;4;7;8;11;12;13;14;17;18;20;22;23;24;26;27,6,0.2,0
7,2;4;7;8;11;12;13;14;17;18;20;22;23;24;26;27,6,0.3,0
7,2;4;7;8;11;12;13;14;17;18;20;22;23;24;26;27,6,0.4,0
7,2;4;7;8;11;12;13;14;17;18;20;22;23;24;26;27,6,0.5,0
7,2;4;7;8;11;12;13;14;17;18;20;22;23;24;26;27,6,0.6,0
7,2;4;7;8;11;12;13;14;17;18;20;22;23;24;26;27,6,0.7,0
7,2;4;7;8;11;12;13;14;17;18;20;22;23;24;26;27,6,0.8,0
7,2;4;7;8;11;12;13;14;17;18;20;22;23;24;26;27,6,0.9,0
7,2;4;7;8;11;12;13;14;17;18;20;22;23;24;26;27,6,1.0,0
7,2;4;7;8;11;12;13;14;17;18;20;22;23;24;26;27,7,0.2,0
7,2;4;7;8;11;12;13;14;17;18;20;22;23;24;26;27,7,0.3,0
7,2;4;7;8;11;12;13;14;17;18;20;22;23;24;26;27,7,0.4,0
7,2;4;7;8;11;12;13;14;17;18;20;22;23;24;26;27,7,0.5,0
7,2;4;7;8;11;12;13;14;17;18;20;22;23;24;26;27,7,0.6,0
7,2;4;7;8;11;12;13;14;17;18;20;22;23;24;26;27,7,0.7,0
7,2;4;7;8;11;12;13;14;17;18;20;22;23;24;26;27,7,0.8,0
7,2;4;7;8;11;12;13;14;17;18;20;22;23;24;26;27,7,0.9,0
7,2;4;7;8;11;12;13;14;17;18;20;22;23;24;26;27,7,1.0,0
7,2;4;7;8;11;12;13;14;17;18;20;22;23;24;26;27,8,0.2,0
7,2;4;7;8;11;12;13;14;17;18;20;22;23;24;26;27,8,0.3,0
7,2;4;7;8;11;12;13;14;17;18;20;22;23;24;26;27,8,0.4,0
7,2;4;7;8;11;12;13;14;17;18;20;22;23;24;26;27,8,0.5,0
7,2;4;7;8;11;12;13;14;17;18;20;22;23;24;26;27,8,0.6,0
7,2;4;7;8;11;12;13;14;17;18;20;22;23;24;26;27,8,0.7,0
7,2;4;7;8;11;12;13;14;17;18;20;22;23;24;26;27,8,0.8,0
7,2;4;7;8;11;12;13;14;17;18;20;22;23;24;26;27,8,0.9,0
7,2;4;7;8;11;12;13;14;17;18;20;22;23;24;26;27,8,1.0,0
8,1;2;3;4;5;8;12;13;14;15;17;19;20;23;24;27,1,0.2,0
8,1;2;3;4;5;8;12;13;14;15;17;19;20;23;24;27,1,0.3,0
8,1;2;3;4;5;8;12;13;14;15;17;19;20;23;24;27,1,0.4,0
8,1;2;3;4;5;8;12;13;14;15;17;19;20;23;24;27,1,0.5,0
8,1;2;3;4;5;8;12;13;14;15;17;19;20;23;24;27,1,0.6,0
8,1;2;3;4;5;8;12;13;14;15;17;19;20;23;24;27,1,0.7,0
8,1;2;3;4;5;8;12;13;14;15;17;19;20;23;24;27,1,0.8,0
8,1;2;3;4;5;8;12;13;14;15;17;19;20;23;24;27,1,0.9,0
8,1;2;3;4;5;8;12;13;14;15;17;19;20;23;24;27,1,1.0,0
8,1;2;3;4;5;8;12;13;14;15;17;19;20;23;24;27,2,0.2,0
8,1;2;3;4;5;8;12;13;14;15;17;19;20;23;24;27,2,0.3,0
8,1;2;3;4;5;8;12;13;14;15;17;19;20;23;24;27,2,0.4,0
8,1;2;3;4;5;8;12;13;14;15;17;19;20;23;24;27,2,0.5,0
8,1;2;3;4;5;8;12;13;14;15;17;19;20;23;24;27,2,0.6,0
8,1;2;3;4;5;8;12;13;14;15;17;19;20;23;24;27,2,0.7,0
8,1;2;3;4;5;8;12;13;14;15;17;19;20;23;24;27,2,0.8,0
8,1;2;3;4;5;8;12;13;14;15;17;19;20;23;24;27,2,0.9,0
8,1;2;3;4;5;8;12;13;14;15;17;19;20;23;24;27,2,1.0,0
8,1;2;3;4;5;8;12;13;14;15;17;19;20;23;24;27,3,0.2,0
8,1;2;3;4;5;8;12;13;14;15;17;19;20;23;24;27,3,0.3,0
8,1;2;3;4;5;8;12;13;14;15;17;19;20;23;24;27,3,0.4,0
8,1;2;3;4;5;8;12;13;14;15;17;19;20;23;24;27,3,0.5,0
8,1;2;3;4;5;8;12;13;14;15;17;19;20;23;24;27,3,0.6,0
8,1;2;3;4;5;8;12;13;14;15;17;19;20;23;24;27,3,0.7,0
8,1;2;3;4;5;8;12;13;14;15;17;19;20;23;24;27,3,0.8,0
8,1;2;3;4;5;8;12;13;14;15;17;19;20;23;24;27,3,0.9,0
8,1;2;3;4;5;8;12;13;14;15;17;19;20;23;24;27,3,1.0,0
8,1;2;3;4;5;8;12;13;14;15;17;19;20;23;24;27,4,0.2,0
8,1;2;3;4;5;8;12;13;14;15;17;19;20;23;24;27,4,0.3,0
8,1;2;3;4;5;8;12;13;14;15;17;19;20;23;24;27,4,0.4,0
8,1;2;3;4;5;8;12;13;14;15;17;19;20;23;24;27,4,0.5,0
8,1;2;3;4;5;8;12;13;14;15;17;19;20;23;24;27,4,0.6,0
8,1;2;3;4;5;8;12;13;14;15;17;19;20;23;24;27,4,0.7,0
8,1;2;3;4;5;8;12;13;14;15;17;19;20;23;24;27,4,0.8,0
8,1;2;3;4;5;8;12;13;14;15;17;19;20;23;24;27,4,0.9,0
8,1;2;3;4;5;8;12;13;14;15;17;19;20;23;24;27,4,1.0,0
8,1;2;3;4;5;8;12;13;14;15;17;19;20;23;24;27,5,0.2,0
8,1;2;3;4;5;8;12;13;14;15;17;19;20;23;24;27,5,0.3,0
8,1;2;3;4;5;8;12;13;14;15;17;19;20;23;24;27,5,0.4,0
8,1;2;3;4;5;8;12;13;14;15;17;19;20;23;24;27,5,0.5,0
8,1;2;3;4;5;8;12;13;14;15;17;19;20;23;24;27,5,0.6,0
8,1;2;3;4;5;8;12;13;14;15;17;19;20;23;24;27,5,0.7,0
8,1;2;3;4;5;8;12;13;14;15;17;19;20;23;24;27,5,0.8,0
8,1;2;3;4;5;8;12;13;14;15;17;19;20;23;24;27,5,0.9,0
8,1;2;3;4;5;8;12;13;14;15;17;19;20;23;24;27,5,1.0,0
8,1;2;3;4;5;8;12;13;14;15;17;19;20;23;24;27,6,0.2,0
8,1;2;3;4;5;8;12;13;14;15;17;19;20;23;24;27,6,0.3,0
8,1;2;3;4;5;8;12;13;14;15;17;19;20;23;24;27,6,0.4,0
8,1;2;3;4;5;8;12;13;14;15;17;19;20;23;24;27,6,0.5,0
8,1;2;3;4;5;8;12;13;14;15;17;19;20;23;24;27,6,0.6,0
8,1;2;3;4;5;8;12;13;14;15;17;19;20;23;24;27,6,0.7,0
8,1;2;3;4;5;8;12;13;14;15;17;19;20;23;24;27,6,0.8,0
8,1;2;3;4;5;8;12;13;14;15;17;19;20;23;24;27,6,0.9,0
8,1;2;3;4;5;8;12;13;14;15;17;19;20;23;24;27,6,1.0,0
8,1;2;3;4;5;8;12;13;14;15;17;19;20;23;24;27,7,0.2,0
8,1;2;3;4;5;8;12;13;14;15;17;19;20;23;24;27,7,0.3,0
8,1;2;3;4;5;8;12;13;14;15;17;19;20;23;24;27,7,0.4,0
8,1;2;3;4;5;8;12;13;14;15;17;19;20;23;24;27,7,0.5,0
8,1;2;3;4;5;8;12;13;14;15;17;19;20;23;24;27,7,0.6,0
8,1;2;3;4;5;8;12;13;14;15;17;19;20;23;24;27,7,0.7,0
8,1;2;3;4;5;8;12;13;14;15;17;19;20;23;24;27,7,0.8,0
8,1;2;3;4;5;8;12;13;14;15;17;19;20;23;24;27,7,0.9,0
8,1;2;3;4;5;8;12;13;14;15;17;19;20;23;24;27,7,1.0,0
8,1;2;3;4;5;8;12;13;14;15;17;19;20;23;24;27,8,0.2,0
8,1;2;3;4;5;8;12;13;14;15;17;19;20;23;24;27,8,0.3,0
8,1;2;3;4;5;8;12;13;14;15;17;19;20;23;24;27,8,0.4,0
8,1;2;3;4;5;8;12;13;14;15;17;19;20;23;24;27,8,0.5,0
8,1;2;3;4;5;8;12;13;14;15;17;19;20;23;24;27,8,0.6,0
8,1;2;3;4;5;8;12;13;14;15;17;19;20;23;24;27,8,0.7,0
8,1;2;3;4;5;8;12;13;14;15;17;19;20;23;24;27,8,0.8,0
8,1;2;3;4;5;8;12;13;14;15;17;19;20;23;24;27,8,0.9,0
8,1;2;3;4;5;8;12;13;14;15;17;19;20;23;24;27,8,1.0,0
9,0;3;5;7;8;9;10;13;17;21;23;24;25;26;27;28,1,0.2,0
9,0;3;5;7;8;9;10;13;17;21;23;24;25;26;27;28,1,0.3,0
9,0;3;5;7;8;9;10;13;17;21;23;24;25;26;27;28,1,0.4,1
9,0;3;5;7;8;9;10;13;17;21;23;24;25;26;27;28,1,0.5,1
9,0;3;5;7;8;9;10;13;17;21;23;24;25;26;27;28,1,0.6,1
9,0;3;5;7;8;9;10;13;17;21;23;24;25;26;27;28,1,0.7,1
9,0;3;5;7;8;9;10;13;17;21;23;24;25;26;27;28,1,0.8,1
9,0;3;5;7;8;9;10;13;17;21;23;24;25;26;27;28,1,0.9,1
9,0;3;5;7;8;9;10;13;17;21;23;24;25;26;27;28,1,1.0,1
9,0;3;5;7;8;9;10;13;17;21;23;24;25;26;27;28,2,0.2,0
9,0;3;5;7;8;9;10;13;17;21;23;24;25;26;27;28,2,0.3,0
9,0;3;5;7;8;9;10;13;17;21;23;24;25;26;27;28,2,0.4,1
9,0;3;5;7;8;9;10;13;17;21;23;24;25;26;27;28,2,0.5,1
9,0;3;5;7;8;9;10;13;17;21;23;24;25;26;27;28,2,0.6,1
9,0;3;5;7;8;9;10;13;17;21;23;24;25;26;27;28,2,0.7,1
9,0;3;5;7;8;9;10;13;17;21;23;24;25;26;27;28,2,0.8,1
9,0;3;5;7;8;9;10;13;17;21;23;24;25;26;27;28,2,0.9,1
9,0;3;5;7;8;9;10;13;17;21;23;24;25;26;27;28,2,1.0,1
9,0;3;5;7;8;9;10;13;17;21;23;24;25;26;27;28,3,0.2,0
9,0;3;5;7;8;9;10;13;17;21;23;24;25;26;27;28,3,0.3,0
9,0;3;5;7;8;9;10;13;17;21;23;24;25;26;27;28,3,0.4,0
9,0;3;5;7;8;9;10;13;17;21;23;24;25;26;27;28,3,0.5,0
9,0;3;5;7;8;9;10;13;17;21;23;24;25;26;27;28,3,0.6,0
9,0;3;5;7;8;9;10;13;17;21;23;24;25;26;27;28,3,0.7,0
9,0;3;5;7;8;9;10;13;17;21;23;24;25;26;27;28,3,0.8,0
9,0;3;5;7;8;9;10;13;17;21;23;24;25;26;27;28,3,0.9,1
9,0;3;5;7;8;9;10;13;17;21;23;24;25;26;27;28,3,1.0,1
9,0;3;5;7;8;9;10;13;17;21;23;24;25;26;27;28,4,0.2,0
9,0;3;5;7;8;9;10;13;17;21;23;24;25;26;27;28,4,0.3,0
9,0;3;5;7;8;9;10;13;17;21;23;24;25;26;27;28,4,0.4,0
9,0;3;5;7;8;9;10;13;17;21;23;24;25;26;27;28,4,0.5,0
9,0;3;5;7;8;9;10;13;17;21;23;24;25;26;27;28,4,0.6,0
9,0;3;5;7;8;9;10;13;17;21;23;24;25;26;27;28,4,0.7,1
9,0;3;5;7;8;9;10;13;17;21;23;24;25;26;27;28,4,0.8,1
9,0;3;5;7;8;9;10;13;17;21;23;24;25;26;27;28,4,0.9,1
9,0;3;5;7;8;9;10;13;17;21;23;24;25;26;27;28,4,1.0,1
9,0;3;5;7;8;9;10;13;17;21;23;24;25;26;27;28,5,0.2,0
9,0;3;5;7;8;9;10;13;17;21;23;24;25;26;27;28,5,0.3,0
9,0;3;5;7;8;9;10;13;17;21;23;24;25;26;27;28,5,0.4,1
9,0;3;5;7;8;9;10;13;17;21;23;24;25;26;27;28,5,0.5,1
9,0;3;5;7;8;9;10;13;17;21;23;24;25;26;27;28,5,0.6,1
9,0;3;5;7;8;9;10;13;17;21;23;24;25;26;27;28,5,0.7,1
9,0;3;5;7;8;9;10;13;17;21;23;24;25;26;27;28,5,0.8,1
9,0;3;5;7;8;9;10;13;17;21;23;24;25;26;27;28,5,0.9,1
9,0;3;5;7;8;9;10;13;17;21;23;24;25;26;27;28,5,1.0,1
9,0;3;5;7;8;9;10;13;17;21;23;24;25;26;27;28,6,0.2,0
9,0;3;5;7;8;9;10;13;17;21;23;24;25;26;27;28,6,0.3,0
9,0;3;5;7;8;9;10;13;17;21;23;24;25;26;27;28,6,0.4,0
9,0;3;5;7;8;9;10;13;17;21;23;24;25;26;27;28,6,0.5,0
9,0;3;5;7;8;9;10;13;17;21;23;24;25;26;27;28,6,0.6,1
9,0;3;5;7;8;9;10;13;17;21;23;24;25;26;27;28,6,0.7,0
9,0;3;5;7;8;9;10;13;17;21;23;24;25;26;27;28,6,0.8,1
9,0;3;5;7;8;9;10;13;17;21;23;24;25;26;27;28,6,0.9,1
9,0;3;5;7;8;9;10;13;17;21;23;24;25;26;27;28,6,1.0,1
9,0;3;5;7;8;9;10;13;17;21;23;24;25;26;27;28,7,0.2,0
9,0;3;5;7;8;9;10;13;17;21;23;24;25;26;27;28,7,0.3,0
9,0;3;5;7;8;9;10;13;17;21;23;24;25;26;27;28,7,0.4,0
9,0;3;5;7;8;9;10;13;17;21;23;24;25;26;27;28,7,0.5,1
9,0;3;5;7;8;9;10;13;17;21;23;24;25;26;27;28,7,0.6,1
9,0;3;5;7;8;9;10;13;17;21;23;24;25;26;27;28,7,0.7,1
9,0;3;5;7;8;9;10;13;17;21;23;24;25;26;27;28,7,0.8,1
9,0;3;5;7;8;9;10;13;17;21;23;24;25;26;27;28,7,0.9,1
9,0;3;5;7;8;9;10;13;17;21;23;24;25;26;27;28,7,1.0,1
9,0;3;5;7;8;9;10;13;17;21;23;24;25;26;27;28,8,0.2,0
9,0;3;5;7;8;9;10;13;17;21;23;24;25;26;27;28,8,0.3,0
9,0;3;5;7;8;9;10;13;17;21;23;24;25;26;27;28,8,0.4,0
9,0;3;5;7;8;9;10;13;17;21;23;24;25;26;27;28,8,0.5,0
9,0;3;5;7;8;9;10;13;17;21;23;24;25;26;27;28,8,0.6,0
9,0;3;5;7;8;9;10;13;17;21;23;24;25;26;27;28,8,0.7,0
9,0;3;5;7;8;9;10;13;17;21;23;24;25;26;27;28,8,0.8,0
9,0;3;5;7;8;9;10;13;17;21;23;24;25;26;27;28,8,0.9,0
9,0;3;5;7;8;9;10;13;17;21;23;24;25;26;27;28,8,1.0,0
