condition,policy_seed,n_falls,n_trials,fall_rate
left_half+trunk(16),1,9,45,0.2
left_half+trunk(16),2,8,45,0.17777777777777778
left_half+trunk(16),3,40,45,0.8888888888888888
left_half+trunk(16),4,31,45,0.6888888888888889
left_half+trunk(16),5,11,45,0.24444444444444444
left_half+trunk(16),6,17,45,0.37777777777777777
left_half+trunk(16),7,22,45,0.4888888888888889
left_half+trunk(16),8,17,45,0.37777777777777777
right_half+trunk(16),1,28,45,0.6222222222222222
right_half+trunk(16),2,13,45,0.28888888888888886
right_half+trunk(16),3,20,45,0.4444444444444444
right_half+trunk(16),4,23,45,0.5111111111111111
right_half+trunk(16),5,21,45,0.4666666666666667
right_half+trunk(16),6,20,45,0.4444444444444444
right_half+trunk(16),7,20,45,0.4444444444444444
right_half+trunk(16),8,33,45,0.7333333333333333
