seed,joint_name,fell_over,n_steps_completed
1,(baseline),False,250
1,left_hip_pitch_joint,False,250
1,left_hip_roll_joint,False,250
1,left_hip_yaw_joint,False,250
1,left_knee_joint,False,250
1,left_ankle_pitch_joint,False,250
1,left_ankle_roll_joint,False,250
1,right_hip_pitch_joint,False,250
1,right_hip_roll_joint,False,250
1,right_hip_yaw_joint,False,250
1,right_knee_joint,False,250
1,right_ankle_pitch_joint,False,250
1,right_ankle_roll_joint,False,250
2,(baseline),False,250
2,left_hip_pitch_joint,False,250
2,left_hip_roll_joint,False,250
2,left_hip_yaw_joint,False,250
2,left_knee_joint,False,250
2,left_ankle_pitch_joint,False,250
2,left_ankle_roll_joint,False,250
2,right_hip_pitch_joint,False,250
2,right_hip_roll_joint,False,250
2,right_hip_yaw_joint,False,250
2,right_knee_joint,False,250
2,right_ankle_pitch_joint,False,250
2,right_ankle_roll_joint,False,250
3,(baseline),False,250
3,left_hip_pitch_joint,False,250
3,left_hip_roll_joint,False,250
3,left_hip_yaw_joint,False,250
3,left_knee_joint,False,250
3,left_ankle_pitch_joint,False,250
3,left_ankle_roll_joint,False,250
3,right_hip_pitch_joint,False,250
3,right_hip_roll_joint,False,250
3,right_hip_yaw_joint,False,250
3,right_knee_joint,False,250
3,right_ankle_pitch_joint,False,250
3,right_ankle_roll_joint,False,250
