seed,speed_mps,fell_over,n_steps_completed
1,0.2,True,157
1,0.3,True,112
1,0.4,True,90
1,0.5,True,78
1,0.6,True,75
1,0.7,True,69
1,0.8,True,65
1,0.9,True,70
1,1.0,True,65
2,0.2,True,131
2,0.3,True,104
2,0.4,True,91
2,0.5,True,80
2,0.6,True,75
2,0.7,True,70
2,0.8,True,67
2,0.9,True,65
2,1.0,True,64
3,0.2,True,157
3,0.3,True,115
3,0.4,True,98
3,0.5,True,82
3,0.6,True,75
3,0.7,True,71
3,0.8,True,66
3,0.9,True,65
3,1.0,True,65
4,0.2,True,150
4,0.3,True,114
4,0.4,True,95
4,0.5,True,80
4,0.6,True,68
4,0.7,True,66
4,0.8,True,64
4,0.9,True,63
4,1.0,True,60
5,0.2,True,154
5,0.3,True,110
5,0.4,True,87
5,0.5,True,76
5,0.6,True,69
5,0.7,True,66
5,0.8,True,64
5,0.9,True,63
5,1.0,True,59
6,0.2,True,215
6,0.3,True,124
6,0.4,True,86
6,0.5,True,77
6,0.6,True,67
6,0.7,True,64
6,0.8,True,62
6,0.9,True,59
6,1.0,True,57
7,0.2,True,179
7,0.3,True,117
7,0.4,True,89
7,0.5,True,77
7,0.6,True,70
7,0.7,True,65
7,0.8,True,63
7,0.9,True,62
7,1.0,True,61
8,0.2,True,107
8,0.3,True,90
8,0.4,True,74
8,0.5,True,69
8,0.6,True,67
8,0.7,True,66
8,0.8,True,68
8,0.9,True,62
8,1.0,True,59
