condition,seed,speed_mps,fell_over,n_steps_completed
right_half+trunk+left_leg(左腕のみ健在),1,0.2,True,151
right_half+trunk+left_leg(左腕のみ健在),1,0.3,True,112
right_half+trunk+left_leg(左腕のみ健在),1,0.4,True,95
right_half+trunk+left_leg(左腕のみ健在),1,0.5,True,76
right_half+trunk+left_leg(左腕のみ健在),1,0.6,True,76
right_half+trunk+left_leg(左腕のみ健在),1,0.7,True,66
right_half+trunk+left_leg(左腕のみ健在),1,0.8,True,64
right_half+trunk+left_leg(左腕のみ健在),1,0.9,True,62
right_half+trunk+left_leg(左腕のみ健在),1,1.0,True,61
right_half+trunk+left_leg(左腕のみ健在),2,0.2,True,154
right_half+trunk+left_leg(左腕のみ健在),2,0.3,True,121
right_half+trunk+left_leg(左腕のみ健在),2,0.4,True,93
right_half+trunk+left_leg(左腕のみ健在),2,0.5,True,81
right_half+trunk+left_leg(左腕のみ健在),2,0.6,True,77
right_half+trunk+left_leg(左腕のみ健在),2,0.7,True,72
right_half+trunk+left_leg(左腕のみ健在),2,0.8,True,67
right_half+trunk+left_leg(左腕のみ健在),2,0.9,True,64
right_half+trunk+left_leg(左腕のみ健在),2,1.0,True,63
right_half+trunk+left_leg(左腕のみ健在),3,0.2,True,164
right_half+trunk+left_leg(左腕のみ健在),3,0.3,True,120
right_half+trunk+left_leg(左腕のみ健在),3,0.4,True,97
right_half+trunk+left_leg(左腕のみ健在),3,0.5,True,86
right_half+trunk+left_leg(左腕のみ健在),3,0.6,True,76
right_half+trunk+left_leg(左腕のみ健在),3,0.7,True,71
right_half+trunk+left_leg(左腕のみ健在),3,0.8,True,68
right_half+trunk+left_leg(左腕のみ健在),3,0.9,True,61
right_half+trunk+left_leg(左腕のみ健在),3,1.0,True,61
right_half+trunk+left_leg(左腕のみ健在),4,0.2,True,121
right_half+trunk+left_leg(左腕のみ健在),4,0.3,True,99
right_half+trunk+left_leg(左腕のみ健在),4,0.4,True,80
right_half+trunk+left_leg(左腕のみ健在),4,0.5,True,71
right_half+trunk+left_leg(左腕のみ健在),4,0.6,True,65
right_half+trunk+left_leg(左腕のみ健在),4,0.7,True,63
right_half+trunk+left_leg(左腕のみ健在),4,0.8,True,61
right_half+trunk+left_leg(左腕のみ健在),4,0.9,True,60
right_half+trunk+left_leg(左腕のみ健在),4,1.0,True,57
right_half+trunk+left_leg(左腕のみ健在),5,0.2,True,133
right_half+trunk+left_leg(左腕のみ健在),5,0.3,True,100
right_half+trunk+left_leg(左腕のみ健在),5,0.4,True,85
right_half+trunk+left_leg(左腕のみ健在),5,0.5,True,77
right_half+trunk+left_leg(左腕のみ健在),5,0.6,True,71
right_half+trunk+left_leg(左腕のみ健在),5,0.7,True,68
right_half+trunk+left_leg(左腕のみ健在),5,0.8,True,68
right_half+trunk+left_leg(左腕のみ健在),5,0.9,True,63
right_half+trunk+left_leg(左腕のみ健在),5,1.0,True,59
right_half+trunk+left_leg(左腕のみ健在),6,0.2,False,250
right_half+trunk+left_leg(左腕のみ健在),6,0.3,True,193
right_half+trunk+left_leg(左腕のみ健在),6,0.4,True,116
right_half+trunk+left_leg(左腕のみ健在),6,0.5,True,88
right_half+trunk+left_leg(左腕のみ健在),6,0.6,True,68
right_half+trunk+left_leg(左腕のみ健在),6,0.7,True,63
right_half+trunk+left_leg(左腕のみ健在),6,0.8,True,60
right_half+trunk+left_leg(左腕のみ健在),6,0.9,True,58
right_half+trunk+left_leg(左腕のみ健在),6,1.0,True,59
right_half+trunk+left_leg(左腕のみ健在),7,0.2,True,184
right_half+trunk+left_leg(左腕のみ健在),7,0.3,True,111
right_half+trunk+left_leg(左腕のみ健在),7,0.4,True,95
right_half+trunk+left_leg(左腕のみ健在),7,0.5,True,85
right_half+trunk+left_leg(左腕のみ健在),7,0.6,True,73
right_half+trunk+left_leg(左腕のみ健在),7,0.7,True,65
right_half+trunk+left_leg(左腕のみ健在),7,0.8,True,63
right_half+trunk+left_leg(左腕のみ健在),7,0.9,True,62
right_half+trunk+left_leg(左腕のみ健在),7,1.0,True,60
right_half+trunk+left_leg(左腕のみ健在),8,0.2,True,97
right_half+trunk+left_leg(左腕のみ健在),8,0.3,True,85
right_half+trunk+left_leg(左腕のみ健在),8,0.4,True,71
right_half+trunk+left_leg(左腕のみ健在),8,0.5,True,66
right_half+trunk+left_leg(左腕のみ健在),8,0.6,True,64
right_half+trunk+left_leg(左腕のみ健在),8,0.7,True,63
right_half+trunk+left_leg(左腕のみ健在),8,0.8,True,61
right_half+trunk+left_leg(左腕のみ健在),8,0.9,True,62
right_half+trunk+left_leg(左腕のみ健在),8,1.0,True,62
left_half+trunk+right_leg(右腕のみ健在),1,0.2,True,143
left_half+trunk+right_leg(右腕のみ健在),1,0.3,True,103
left_half+trunk+right_leg(右腕のみ健在),1,0.4,True,80
left_half+trunk+right_leg(右腕のみ健在),1,0.5,True,76
left_half+trunk+right_leg(右腕のみ健在),1,0.6,True,71
left_half+trunk+right_leg(右腕のみ健在),1,0.7,True,74
left_half+trunk+right_leg(右腕のみ健在),1,0.8,True,67
left_half+trunk+right_leg(右腕のみ健在),1,0.9,True,62
left_half+trunk+right_leg(右腕のみ健在),1,1.0,True,62
left_half+trunk+right_leg(右腕のみ健在),2,0.2,True,134
left_half+trunk+right_leg(右腕のみ健在),2,0.3,True,106
left_half+trunk+right_leg(右腕のみ健在),2,0.4,True,87
left_half+trunk+right_leg(右腕のみ健在),2,0.5,True,81
left_half+trunk+right_leg(右腕のみ健在),2,0.6,True,75
left_half+trunk+right_leg(右腕のみ健在),2,0.7,True,71
left_half+trunk+right_leg(右腕のみ健在),2,0.8,True,65
left_half+trunk+right_leg(右腕のみ健在),2,0.9,True,62
left_half+trunk+right_leg(右腕のみ健在),2,1.0,True,63
left_half+trunk+right_leg(右腕のみ健在),3,0.2,True,132
left_half+trunk+right_leg(右腕のみ健在),3,0.3,True,96
left_half+trunk+right_leg(右腕のみ健在),3,0.4,True,86
left_half+trunk+right_leg(右腕のみ健在),3,0.5,True,78
left_half+trunk+right_leg(右腕のみ健在),3,0.6,True,72
left_half+trunk+right_leg(右腕のみ健在),3,0.7,True,67
left_half+trunk+right_leg(右腕のみ健在),3,0.8,True,63
left_half+trunk+right_leg(右腕のみ健在),3,0.9,True,64
left_half+trunk+right_leg(右腕のみ健在),3,1.0,True,67
left_half+trunk+right_leg(右腕のみ健在),4,0.2,True,142
left_half+trunk+right_leg(右腕のみ健在),4,0.3,True,109
left_half+trunk+right_leg(右腕のみ健在),4,0.4,True,90
left_half+trunk+right_leg(右腕のみ健在),4,0.5,True,83
left_half+trunk+right_leg(右腕のみ健在),4,0.6,True,74
left_half+trunk+right_leg(右腕のみ健在),4,0.7,True,67
left_half+trunk+right_leg(右腕のみ健在),4,0.8,True,63
left_half+trunk+right_leg(右腕のみ健在),4,0.9,True,62
left_half+trunk+right_leg(右腕のみ健在),4,1.0,True,60
left_half+trunk+right_leg(右腕のみ健在),5,0.2,True,180
left_half+trunk+right_leg(右腕のみ健在),5,0.3,True,115
left_half+trunk+right_leg(右腕のみ健在),5,0.4,True,91
left_half+trunk+right_leg(右腕のみ健在),5,0.5,True,77
left_half+trunk+right_leg(右腕のみ健在),5,0.6,True,73
left_half+trunk+right_leg(右腕のみ健在),5,0.7,True,68
left_half+trunk+right_leg(右腕のみ健在),5,0.8,True,64
left_half+trunk+right_leg(右腕のみ健在),5,0.9,True,70
left_half+trunk+right_leg(右腕のみ健在),5,1.0,True,64
left_half+trunk+right_leg(右腕のみ健在),6,0.2,True,126
left_half+trunk+right_leg(右腕のみ健在),6,0.3,True,106
left_half+trunk+right_leg(右腕のみ健在),6,0.4,True,89
left_half+trunk+right_leg(右腕のみ健在),6,0.5,True,70
left_half+trunk+right_leg(右腕のみ健在),6,0.6,True,66
left_half+trunk+right_leg(右腕のみ健在),6,0.7,True,62
left_half+trunk+right_leg(右腕のみ健在),6,0.8,True,59
left_half+trunk+right_leg(右腕のみ健在),6,0.9,True,58
left_half+trunk+right_leg(右腕のみ健在),6,1.0,True,56
left_half+trunk+right_leg(右腕のみ健在),7,0.2,True,133
left_half+trunk+right_leg(右腕のみ健在),7,0.3,True,100
left_half+trunk+right_leg(右腕のみ健在),7,0.4,True,86
left_half+trunk+right_leg(右腕のみ健在),7,0.5,True,71
left_half+trunk+right_leg(右腕のみ健在),7,0.6,True,67
left_half+trunk+right_leg(右腕のみ健在),7,0.7,True,64
left_half+trunk+right_leg(右腕のみ健在),7,0.8,True,62
left_half+trunk+right_leg(右腕のみ健在),7,0.9,True,60
left_half+trunk+right_leg(右腕のみ健在),7,1.0,True,58
left_half+trunk+right_leg(右腕のみ健在),8,0.2,True,127
left_half+trunk+right_leg(右腕のみ健在),8,0.3,True,91
left_half+trunk+right_leg(右腕のみ健在),8,0.4,True,80
left_half+trunk+right_leg(右腕のみ健在),8,0.5,True,73
left_half+trunk+right_leg(右腕のみ健在),8,0.6,True,72
left_half+trunk+right_leg(右腕のみ健在),8,0.7,True,66
left_half+trunk+right_leg(右腕のみ健在),8,0.8,True,63
left_half+trunk+right_leg(右腕のみ健在),8,0.9,True,67
left_half+trunk+right_leg(右腕のみ健在),8,1.0,True,64
