combo,seed,speed_mps,fell_over,n_steps_completed
right_hip_roll+pitch,1,0.2,False,250
right_hip_roll+pitch,1,0.3,False,250
right_hip_roll+pitch,1,0.4,False,250
right_hip_roll+pitch,1,0.5,False,250
right_hip_roll+pitch,1,0.6,False,250
right_hip_roll+pitch,1,0.7,False,250
right_hip_roll+pitch,1,0.8,False,250
right_hip_roll+pitch,1,0.9,False,250
right_hip_roll+pitch,1,1.0,False,250
right_hip_roll+pitch,2,0.2,False,250
right_hip_roll+pitch,2,0.3,False,250
right_hip_roll+pitch,2,0.4,False,250
right_hip_roll+pitch,2,0.5,False,250
right_hip_roll+pitch,2,0.6,False,250
right_hip_roll+pitch,2,0.7,False,250
right_hip_roll+pitch,2,0.8,False,250
right_hip_roll+pitch,2,0.9,False,250
right_hip_roll+pitch,2,1.0,False,250
right_hip_roll+pitch,3,0.2,False,250
right_hip_roll+pitch,3,0.3,False,250
right_hip_roll+pitch,3,0.4,False,250
right_hip_roll+pitch,3,0.5,False,250
right_hip_roll+pitch,3,0.6,False,250
right_hip_roll+pitch,3,0.7,False,250
right_hip_roll+pitch,3,0.8,False,250
right_hip_roll+pitch,3,0.9,False,250
right_hip_roll+pitch,3,1.0,False,250
right_ankle_pitch+hip_pitch,1,0.2,False,250
right_ankle_pitch+hip_pitch,1,0.3,False,250
right_ankle_pitch+hip_pitch,1,0.4,False,250
right_ankle_pitch+hip_pitch,1,0.5,False,250
right_ankle_pitch+hip_pitch,1,0.6,False,250
right_ankle_pitch+hip_pitch,1,0.7,False,250
right_ankle_pitch+hip_pitch,1,0.8,False,250
right_ankle_pitch+hip_pitch,1,0.9,False,250
right_ankle_pitch+hip_pitch,1,1.0,False,250
right_ankle_pitch+hip_pitch,2,0.2,False,250
right_ankle_pitch+hip_pitch,2,0.3,False,250
right_ankle_pitch+hip_pitch,2,0.4,False,250
right_ankle_pitch+hip_pitch,2,0.5,False,250
right_ankle_pitch+hip_pitch,2,0.6,False,250
right_ankle_pitch+hip_pitch,2,0.7,False,250
right_ankle_pitch+hip_pitch,2,0.8,False,250
right_ankle_pitch+hip_pitch,2,0.9,False,250
right_ankle_pitch+hip_pitch,2,1.0,False,250
right_ankle_pitch+hip_pitch,3,0.2,False,250
right_ankle_pitch+hip_pitch,3,0.3,False,250
right_ankle_pitch+hip_pitch,3,0.4,False,250
right_ankle_pitch+hip_pitch,3,0.5,False,250
right_ankle_pitch+hip_pitch,3,0.6,False,250
right_ankle_pitch+hip_pitch,3,0.7,False,250
right_ankle_pitch+hip_pitch,3,0.8,False,250
right_ankle_pitch+hip_pitch,3,0.9,False,250
right_ankle_pitch+hip_pitch,3,1.0,False,250
