condition,seed,push_mag_mps,fell
baseline,1,0.5,0
baseline,1,1.0,0
baseline,1,1.5,0
baseline,1,2.0,0
baseline,1,2.5,0
baseline,2,0.5,0
baseline,2,1.0,0
baseline,2,1.5,0
baseline,2,2.0,0
baseline,2,2.5,0
baseline,3,0.5,0
baseline,3,1.0,0
baseline,3,1.5,0
baseline,3,2.0,0
baseline,3,2.5,0
baseline,4,0.5,0
baseline,4,1.0,0
baseline,4,1.5,0
baseline,4,2.0,0
baseline,4,2.5,0
baseline,5,0.5,0
baseline,5,1.0,0
baseline,5,1.5,0
baseline,5,2.0,0
baseline,5,2.5,0
baseline,6,0.5,0
baseline,6,1.0,0
baseline,6,1.5,0
baseline,6,2.0,0
baseline,6,2.5,0
baseline,7,0.5,0
baseline,7,1.0,0
baseline,7,1.5,0
baseline,7,2.0,0
baseline,7,2.5,1
baseline,8,0.5,0
baseline,8,1.0,0
baseline,8,1.5,0
baseline,8,2.0,0
baseline,8,2.5,0
right_half+trunk,1,0.5,1
right_half+trunk,1,1.0,1
right_half+trunk,1,1.5,1
right_half+trunk,1,2.0,1
right_half+trunk,1,2.5,1
right_half+trunk,2,0.5,1
right_half+trunk,2,1.0,1
right_half+trunk,2,1.5,1
right_half+trunk,2,2.0,1
right_half+trunk,2,2.5,1
right_half+trunk,3,0.5,0
right_half+trunk,3,1.0,0
right_half+trunk,3,1.5,1
right_half+trunk,3,2.0,1
right_half+trunk,3,2.5,1
right_half+trunk,4,0.5,1
right_half+trunk,4,1.0,1
right_half+trunk,4,1.5,1
right_half+trunk,4,2.0,1
right_half+trunk,4,2.5,1
right_half+trunk,5,0.5,1
right_half+trunk,5,1.0,1
right_half+trunk,5,1.5,1
right_half+trunk,5,2.0,1
right_half+trunk,5,2.5,1
right_half+trunk,6,0.5,1
right_half+trunk,6,1.0,1
right_half+trunk,6,1.5,1
right_half+trunk,6,2.0,0
right_half+trunk,6,2.5,0
right_half+trunk,7,0.5,0
right_half+trunk,7,1.0,0
right_half+trunk,7,1.5,1
right_half+trunk,7,2.0,1
right_half+trunk,7,2.5,1
right_half+trunk,8,0.5,1
right_half+trunk,8,1.0,1
right_half+trunk,8,1.5,1
right_half+trunk,8,2.0,1
right_half+trunk,8,2.5,1
left_half+trunk,1,0.5,0
left_half+trunk,1,1.0,0
left_half+trunk,1,1.5,1
left_half+trunk,1,2.0,1
left_half+trunk,1,2.5,1
left_half+trunk,2,0.5,0
left_half+trunk,2,1.0,1
left_half+trunk,2,1.5,1
left_half+trunk,2,2.0,0
left_half+trunk,2,2.5,0
left_half+trunk,3,0.5,0
left_half+trunk,3,1.0,0
left_half+trunk,3,1.5,0
left_half+trunk,3,2.0,1
left_half+trunk,3,2.5,1
left_half+trunk,4,0.5,1
left_half+trunk,4,1.0,0
left_half+trunk,4,1.5,0
left_half+trunk,4,2.0,1
left_half+trunk,4,2.5,1
left_half+trunk,5,0.5,0
left_half+trunk,5,1.0,0
left_half+trunk,5,1.5,1
left_half+trunk,5,2.0,1
left_half+trunk,5,2.5,1
left_half+trunk,6,0.5,0
left_half+trunk,6,1.0,1
left_half+trunk,6,1.5,1
left_half+trunk,6,2.0,1
left_half+trunk,6,2.5,1
left_half+trunk,7,0.5,0
left_half+trunk,7,1.0,0
left_half+trunk,7,1.5,0
left_half+trunk,7,2.0,1
left_half+trunk,7,2.5,1
left_half+trunk,8,0.5,0
left_half+trunk,8,1.0,0
left_half+trunk,8,1.5,1
left_half+trunk,8,2.0,1
left_half+trunk,8,2.5,1
