joint_name,velocity_rmse_mps,orientation_rms_deg,joint_tracking_rms_deg,fell_over
left_ankle_pitch_joint,0.1441669861475626,2.225510459451996,4.161750713984172,0.0
left_hip_pitch_joint,0.12334107855955755,1.8489673810039953,4.073677142461141,0.0
right_ankle_pitch_joint,0.14004224042097724,2.0688520983843204,4.046573479970296,0.0
left_hip_yaw_joint,0.14284519354502356,2.253550150854107,3.9618489742279053,0.0
right_hip_pitch_joint,0.1347380379835764,2.054179248298988,3.960936784744263,0.0
left_ankle_roll_joint,0.1390358656644821,2.242847602973612,3.9438259601593018,0.0
left_hip_roll_joint,0.14195256928602853,2.2433894612883996,3.9406607151031494,0.0
right_hip_yaw_joint,0.14228409528732297,2.1250586189744367,3.913853724797567,0.0
(baseline),0.14204510052998856,2.1692538083043242,3.906253973642985,0.0
right_hip_roll_joint,0.14424203336238858,2.3692202134031057,3.905709981918335,0.0
right_ankle_roll_joint,0.1399234334627787,2.1951709576590988,3.8952156702677407,0.0
right_knee_joint,0.156780739625295,2.025963932449112,3.8275017738342285,0.0
left_knee_joint,0.14983821411927536,2.344018443766513,3.68534517288208,0.0
