condition,seed,speed_mps,action_blinded,fell_over,n_steps_completed
right_half+trunk(16),1,0.2,True,True,77
right_half+trunk(16),1,0.3,True,True,74
right_half+trunk(16),1,0.4,True,True,70
right_half+trunk(16),1,0.5,True,True,68
right_half+trunk(16),1,0.6,True,True,67
right_half+trunk(16),1,0.7,True,True,65
right_half+trunk(16),1,0.8,True,True,64
right_half+trunk(16),1,0.9,True,True,63
right_half+trunk(16),1,1.0,True,True,63
right_half+trunk(16),2,0.2,True,True,89
right_half+trunk(16),2,0.3,True,True,83
right_half+trunk(16),2,0.4,True,True,78
right_half+trunk(16),2,0.5,True,True,75
right_half+trunk(16),2,0.6,True,True,72
right_half+trunk(16),2,0.7,True,True,70
right_half+trunk(16),2,0.8,True,True,68
right_half+trunk(16),2,0.9,True,True,66
right_half+trunk(16),2,1.0,True,True,65
right_half+trunk(16),3,0.2,True,True,86
right_half+trunk(16),3,0.3,True,True,81
right_half+trunk(16),3,0.4,True,True,76
right_half+trunk(16),3,0.5,True,True,73
right_half+trunk(16),3,0.6,True,True,69
right_half+trunk(16),3,0.7,True,True,66
right_half+trunk(16),3,0.8,True,True,64
right_half+trunk(16),3,0.9,True,True,62
right_half+trunk(16),3,1.0,True,True,61
right_half+trunk(16),4,0.2,True,True,85
right_half+trunk(16),4,0.3,True,True,80
right_half+trunk(16),4,0.4,True,True,75
right_half+trunk(16),4,0.5,True,True,72
right_half+trunk(16),4,0.6,True,True,70
right_half+trunk(16),4,0.7,True,True,67
right_half+trunk(16),4,0.8,True,True,65
right_half+trunk(16),4,0.9,True,True,64
right_half+trunk(16),4,1.0,True,True,62
right_half+trunk(16),5,0.2,True,True,82
right_half+trunk(16),5,0.3,True,True,78
right_half+trunk(16),5,0.4,True,True,73
right_half+trunk(16),5,0.5,True,True,71
right_half+trunk(16),5,0.6,True,True,68
right_half+trunk(16),5,0.7,True,True,66
right_half+trunk(16),5,0.8,True,True,64
right_half+trunk(16),5,0.9,True,True,63
right_half+trunk(16),5,1.0,True,True,62
right_half+trunk(16),6,0.2,True,True,83
right_half+trunk(16),6,0.3,True,True,77
right_half+trunk(16),6,0.4,True,True,73
right_half+trunk(16),6,0.5,True,True,70
right_half+trunk(16),6,0.6,True,True,68
right_half+trunk(16),6,0.7,True,True,65
right_half+trunk(16),6,0.8,True,True,64
right_half+trunk(16),6,0.9,True,True,63
right_half+trunk(16),6,1.0,True,True,61
right_half+trunk(16),7,0.2,True,True,84
right_half+trunk(16),7,0.3,True,True,80
right_half+trunk(16),7,0.4,True,True,75
right_half+trunk(16),7,0.5,True,True,71
right_half+trunk(16),7,0.6,True,True,69
right_half+trunk(16),7,0.7,True,True,67
right_half+trunk(16),7,0.8,True,True,65
right_half+trunk(16),7,0.9,True,True,63
right_half+trunk(16),7,1.0,True,True,62
right_half+trunk(16),8,0.2,True,True,81
right_half+trunk(16),8,0.3,True,True,76
right_half+trunk(16),8,0.4,True,True,71
right_half+trunk(16),8,0.5,True,True,68
right_half+trunk(16),8,0.6,True,True,65
right_half+trunk(16),8,0.7,True,True,63
right_half+trunk(16),8,0.8,True,True,61
right_half+trunk(16),8,0.9,True,True,60
right_half+trunk(16),8,1.0,True,True,59
left_half+trunk(16),1,0.2,True,True,86
left_half+trunk(16),1,0.3,True,True,81
left_half+trunk(16),1,0.4,True,True,77
left_half+trunk(16),1,0.5,True,True,74
left_half+trunk(16),1,0.6,True,True,71
left_half+trunk(16),1,0.7,True,True,69
left_half+trunk(16),1,0.8,True,True,67
left_half+trunk(16),1,0.9,True,True,66
left_half+trunk(16),1,1.0,True,True,65
left_half+trunk(16),2,0.2,True,True,90
left_half+trunk(16),2,0.3,True,True,83
left_half+trunk(16),2,0.4,True,True,79
left_half+trunk(16),2,0.5,True,True,76
left_half+trunk(16),2,0.6,True,True,73
left_half+trunk(16),2,0.7,True,True,71
left_half+trunk(16),2,0.8,True,True,68
left_half+trunk(16),2,0.9,True,True,67
left_half+trunk(16),2,1.0,True,True,65
left_half+trunk(16),3,0.2,True,True,90
left_half+trunk(16),3,0.3,True,True,83
left_half+trunk(16),3,0.4,True,True,76
left_half+trunk(16),3,0.5,True,True,73
left_half+trunk(16),3,0.6,True,True,71
left_half+trunk(16),3,0.7,True,True,69
left_half+trunk(16),3,0.8,True,True,67
left_half+trunk(16),3,0.9,True,True,66
left_half+trunk(16),3,1.0,True,True,65
left_half+trunk(16),4,0.2,True,True,91
left_half+trunk(16),4,0.3,True,True,86
left_half+trunk(16),4,0.4,True,True,81
left_half+trunk(16),4,0.5,True,True,77
left_half+trunk(16),4,0.6,True,True,74
left_half+trunk(16),4,0.7,True,True,72
left_half+trunk(16),4,0.8,True,True,69
left_half+trunk(16),4,0.9,True,True,67
left_half+trunk(16),4,1.0,True,True,66
left_half+trunk(16),5,0.2,True,True,94
left_half+trunk(16),5,0.3,True,True,89
left_half+trunk(16),5,0.4,True,True,83
left_half+trunk(16),5,0.5,True,True,80
left_half+trunk(16),5,0.6,True,True,77
left_half+trunk(16),5,0.7,True,True,74
left_half+trunk(16),5,0.8,True,True,72
left_half+trunk(16),5,0.9,True,True,69
left_half+trunk(16),5,1.0,True,True,68
left_half+trunk(16),6,0.2,True,True,89
left_half+trunk(16),6,0.3,True,True,84
left_half+trunk(16),6,0.4,True,True,80
left_half+trunk(16),6,0.5,True,True,77
left_half+trunk(16),6,0.6,True,True,74
left_half+trunk(16),6,0.7,True,True,71
left_half+trunk(16),6,0.8,True,True,70
left_half+trunk(16),6,0.9,True,True,68
left_half+trunk(16),6,1.0,True,True,66
left_half+trunk(16),7,0.2,True,True,88
left_half+trunk(16),7,0.3,True,True,82
left_half+trunk(16),7,0.4,True,True,77
left_half+trunk(16),7,0.5,True,True,73
left_half+trunk(16),7,0.6,True,True,70
left_half+trunk(16),7,0.7,True,True,68
left_half+trunk(16),7,0.8,True,True,66
left_half+trunk(16),7,0.9,True,True,65
left_half+trunk(16),7,1.0,True,True,63
left_half+trunk(16),8,0.2,True,True,87
left_half+trunk(16),8,0.3,True,True,82
left_half+trunk(16),8,0.4,True,True,78
left_half+trunk(16),8,0.5,True,True,75
left_half+trunk(16),8,0.6,True,True,71
left_half+trunk(16),8,0.7,True,True,69
left_half+trunk(16),8,0.8,True,True,67
left_half+trunk(16),8,0.9,True,True,65
left_half+trunk(16),8,1.0,True,True,63
